º€«œ¿œ,gesture,real,LR,match,FA1,FA2,FA3,FA4,FA5,FD1,FD2,FD3,FD4,FD5,HA1,HA2,HA3,HA4,HA5,result1,result2,result3,result4,result5
1,1,1,R,TRUE,2.412,0.525,0.58,0.782,1.025,1.34,0.568,0.555,0.738,1.188,0.899,2.372,2.33,2.341,2.483,0,0,0,0,0
2,2,2,R,TRUE,3.072,0.382,0.589,0.695,0.988,2.002,0.693,0.59,0.682,1.179,0.215,2.874,2.387,2.365,2.469,1,0,0,0,0
3,3,3,R,TRUE,3.097,2.962,0.815,0.866,0.983,1.791,2.217,0.816,0.836,1.027,0.214,0.483,2.163,2.083,1.984,1,1,0,0,0
4,4,4,R,TRUE,2.975,3.078,3.043,0.821,1.063,1.589,2.107,2.255,1.133,1.345,0.205,0.22,0.329,2.096,1.849,1,1,1,0,0
5,5,5,R,TRUE,3.038,3.034,3.082,3.034,1.343,1.776,2.216,2.187,2.255,1.793,0.322,0.171,0.12,0.15,1.995,1,1,1,1,0
6,6,6,R,TRUE,2.957,3.015,2.918,2.978,3.063,1.825,2.232,2.292,2.34,2.301,0.28,0.23,0.138,0.08,0.025,1,1,1,1,1
7,7,7,R,TRUE,1.943,3.013,3.084,3.058,3.019,0.747,2.308,2.342,2.445,2.272,1.31,0.219,0.116,0.121,0.012,0,1,1,1,1
8,8,8,R,TRUE,2.594,1.082,2.913,3.013,3.031,0.966,1.259,2.182,2.314,2.362,0.775,1.737,0.101,0.073,0.059,0,0,1,1,1
9,9,9,R,TRUE,2.542,0.327,1.007,2.927,2.922,0.732,0.717,1.228,1.811,2.279,0.844,2.855,2.282,0.254,0.162,0,0,0,1,1
10,10,10,R,TRUE,2.658,0.914,1.121,0.8,3.063,1.227,1.179,1.382,1.183,2.131,0.736,2.46,2.432,2.545,0.09,0,0,0,0,1
11,11,11,R,TRUE,2.236,3.033,3.032,1.229,1.254,0.816,2.161,2.293,1.359,1.313,1.012,0.268,0.293,1.901,1.748,0,1,1,0,0
12,12,12,R,TRUE,2.985,3.089,1.242,1.127,2.952,1.801,2.252,1.658,1.545,2.275,0.462,0.464,2.535,2.45,0.238,1,1,0,0,1
13,13,13,R,TRUE,2.404,2.998,1.182,1.066,0.855,0.928,2.15,1.104,1.072,1.102,0.858,0.421,1.951,2.061,2.013,0,1,0,0,0
14,14,14,R,TRUE,2.015,2.918,3.059,3.013,1.336,0.476,2.266,2.334,2.565,1.996,1.303,0.212,0.075,0.117,2.107,0,1,1,1,0
15,1,1,R,TRUE,2.377,0.463,0.495,0.681,0.899,1.207,0.486,0.476,0.637,0.965,0.864,2.362,2.118,2.182,2.216,0,0,0,0,0
16,2,2,R,TRUE,3.01,0.731,0.89,0.918,1.415,1.968,1.351,0.853,0.857,1.369,0.232,2.893,2.424,2.424,2.324,1,0,0,0,0
17,3,3,R,TRUE,2.982,2.856,1.144,1.146,1.47,1.92,2.288,0.989,0.956,1.305,0.087,0.436,2.136,2.072,2.136,1,1,0,0,0
18,4,4,R,TRUE,2.973,3.022,3.06,1.143,1.563,1.649,2.137,2.206,1.713,2.203,0.167,0.165,0.272,2.291,2.146,1,1,1,0,0
19,5,5,R,TRUE,3.084,3.034,3.069,2.963,1.412,1.799,2.205,2.202,2.26,2.056,0.264,0.125,0.091,0.107,2.157,1,1,1,1,0
20,6,6,R,TRUE,2.986,2.986,2.892,2.982,3.076,1.818,2.254,2.282,2.324,2.296,0.251,0.226,0.131,0.082,0.031,1,1,1,1,1
21,7,7,R,TRUE,1.942,3.048,3.089,3.05,2.997,0.676,2.302,2.333,2.431,2.285,1.337,0.231,0.125,0.131,0.015,0,1,1,1,1
22,8,8,R,TRUE,2.575,1.155,2.908,2.986,2.986,0.961,1.341,2.306,2.337,2.349,0.767,1.806,0.119,0.096,0.139,0,0,1,1,1
23,9,9,R,TRUE,2.645,0.528,1.169,2.918,2.902,0.795,0.979,1.379,1.757,2.29,0.747,2.612,2.151,0.282,0.257,0,0,0,1,1
24,10,10,R,TRUE,2.623,1.136,1.217,0.948,2.693,1.12,1.498,1.732,1.468,2.099,0.818,2.422,2.494,2.576,0.132,0,0,0,0,1
25,11,11,R,TRUE,2.29,3.045,3.034,1.163,1.213,0.818,2.195,2.259,1.345,1.329,0.979,0.299,0.309,1.99,1.854,0,1,1,0,0
26,12,12,R,TRUE,2.975,3.055,1.282,1.127,2.845,1.703,2.348,1.647,1.542,2.185,0.454,0.564,2.436,2.456,0.25,1,1,0,0,1
27,13,13,R,TRUE,2.5,2.989,1.098,1.107,1.16,1.031,2.097,0.979,1.033,1.438,0.766,0.41,1.867,2.036,2.091,0,1,0,0,0
28,14,14,R,TRUE,2.17,3.004,3.067,2.978,1.527,0.668,2.326,2.356,2.407,2.165,1.124,0.269,0.119,0.103,2.152,0,1,1,1,0
29,1,1,R,TRUE,2.433,0.38,0.454,0.725,1.094,1.236,0.422,0.438,0.675,1.12,0.81,2.485,2.173,2.165,2.179,0,0,0,0,0
30,2,2,R,TRUE,3.055,0.749,0.834,0.884,1.337,1.962,1.032,0.83,0.891,1.461,0.157,2.615,2.467,2.541,2.529,1,0,0,0,0
31,3,3,R,TRUE,2.998,2.815,1.209,1.144,1.495,1.839,2.319,1.044,1,1.361,0.108,0.411,2.237,2.284,2.273,1,1,0,0,0
32,4,4,R,TRUE,2.976,3.03,3.049,1.215,1.599,1.689,2.182,2.228,1.658,2.031,0.206,0.177,0.26,2.303,2.226,1,1,1,0,0
33,5,5,R,TRUE,3.053,3.047,3.058,3.001,1.539,1.743,2.198,2.21,2.322,2.433,0.311,0.132,0.095,0.061,2.272,1,1,1,1,0
34,6,6,R,TRUE,2.986,3.018,2.926,2.996,3.079,1.804,2.261,2.283,2.329,2.286,0.27,0.226,0.118,0.072,0.055,1,1,1,1,1
35,7,7,R,TRUE,2.002,3.067,3.079,3.043,3.008,0.67,2.325,2.352,2.436,2.3,1.255,0.22,0.112,0.094,0.066,0,1,1,1,1
36,8,8,R,TRUE,2.577,1.157,2.875,2.985,2.952,0.912,1.353,2.205,2.304,2.325,0.747,1.807,0.17,0.117,0.127,0,0,1,1,1
37,9,9,R,TRUE,2.676,0.494,1.192,2.764,2.928,0.918,0.837,1.407,1.674,2.319,0.724,2.488,2.115,0.366,0.235,0,0,0,1,1
38,10,10,R,TRUE,2.716,0.974,1.149,0.882,2.813,1.262,1.385,1.797,1.484,2.162,0.693,2.407,2.443,2.497,0.138,0,0,0,0,1
39,11,11,R,TRUE,2.259,3.069,3.022,1.446,1.413,0.768,2.188,2.259,1.77,1.686,1,0.259,0.312,2.044,1.916,0,1,1,0,0
40,12,12,R,TRUE,2.893,3.129,1.273,1.158,2.936,1.671,2.243,1.679,1.559,2.209,0.495,0.477,2.456,2.384,0.219,1,1,0,0,1
41,13,13,R,TRUE,2.406,3.001,1.562,1.487,1.888,0.89,2.168,1.432,1.426,1.949,0.84,0.435,2.101,2.245,2.24,0,1,0,0,0
42,14,14,R,TRUE,2.1,3.016,3.014,3.053,1.716,0.604,2.328,2.347,2.364,2.137,1.236,0.279,0.179,0.171,2.061,0,1,1,1,0
43,1,1,L,TRUE,2.252,1.598,1.691,1.582,2.396,1.183,1.458,1.185,1.151,1.467,0.962,2.46,2.294,2.508,2.52,0,0,0,0,0
44,2,2,L,TRUE,2.92,2.269,2.023,1.862,2.673,1.955,1.317,1.167,1.149,1.259,0.41,1.815,1.804,1.996,1.705,1,0,0,0,0
45,3,3,L,TRUE,2.804,2.757,1.856,1.284,1.986,1.828,1.211,1.111,0.977,1.36,0.283,0.732,1.955,2.245,2.347,1,1,0,0,0
46,4,4,L,TRUE,2.967,2.965,2.701,1.931,2.064,1.693,2.153,1.564,1.433,1.431,0.191,0.173,0.704,2.121,2.232,1,1,1,0,0
47,6,5,L,FALSE,2.963,3.015,2.99,2.944,2.146,1.686,2.159,2.304,2.221,1.724,0.357,0.279,0.195,0.359,1.002,1,1,1,1,0
48,6,6,L,TRUE,2.976,3.028,3.063,3.087,3.128,1.807,2.21,2.269,2.339,2.201,0.372,0.161,0.121,0.026,0.049,1,1,1,1,1
49,7,7,L,TRUE,1.728,2.955,3.111,3.022,3.015,0.664,2.198,2.29,2.439,2.354,1.495,0.137,0.134,0.036,0.149,0,1,1,1,1
50,8,8,L,TRUE,2.179,1.617,2.984,3.087,3.041,1.125,1.967,2.221,2.259,2.278,1.05,1.861,0.22,0.101,0.11,0,0,1,1,1
51,10,9,L,FALSE,2.347,1.523,1.528,2.059,2.98,0.894,1.796,1.762,1.201,2.178,1.016,1.989,2.006,0.744,0.148,0,0,0,1,1
52,0,10,L,FALSE,2.175,1.93,1.794,1.463,2.957,0.926,2.516,2.433,2.113,2.09,1.025,2.244,2.264,2.174,0.136,0,0,0,0,1
53,11,11,L,TRUE,1.832,2.882,2.747,1.818,2.025,1.147,2.222,2.272,1.646,1.99,1.341,0.197,0.364,2.18,2.392,0,1,1,0,0
54,12,12,L,TRUE,2.887,2.593,2.173,1.935,3.014,1.7,1.586,1.76,1.876,1.525,0.269,0.918,2.164,2.215,0.246,1,1,0,0,1
55,13,13,L,TRUE,1.999,2.683,2.311,1.879,2.082,1.198,2.284,1.485,1.377,1.685,1.136,0.521,2.065,2.408,2.607,0,1,0,0,0
56,14,14,L,TRUE,1.692,2.955,3.03,2.956,1.667,0.371,2.258,2.399,2.334,1.839,1.592,0.182,0.096,0.172,1.701,0,1,1,1,0
57,1,1,L,TRUE,2.184,1.61,1.602,1.52,2.147,1.133,1.486,1.163,1.12,1.331,1.052,2.427,2.327,2.521,2.546,0,0,0,0,0
58,2,2,L,TRUE,2.95,1.793,1.913,1.901,2.741,1.829,1.427,1.219,1.265,1.735,0.041,2.408,2.157,2.229,2.001,1,0,0,0,0
59,3,3,L,TRUE,2.924,2.994,2.02,1.829,2.328,1.588,2.259,1.497,1.274,1.586,0.063,0.389,2.017,2.151,2.264,1,1,0,0,0
60,0,4,L,FALSE,3.055,3.014,3.007,1.872,2.047,1.911,2.2,2.177,2.157,2.367,0.162,0.153,0.234,2.246,2.361,1,1,1,0,0
61,5,5,L,TRUE,3.015,3.015,3.02,2.799,1.948,1.686,2.242,2.322,2.09,1.716,0.283,0.276,0.219,0.425,1.088,1,1,1,1,0
62,6,6,L,TRUE,2.971,3.03,3.053,3.09,3.1,1.791,2.204,2.258,2.342,2.261,0.384,0.179,0.143,0.056,0.074,1,1,1,1,1
63,7,7,L,TRUE,1.773,2.993,3.07,3.021,3.031,0.485,2.182,2.314,2.488,2.339,1.485,0.142,0.105,0.035,0.172,0,1,1,1,1
64,8,8,L,TRUE,2.263,1.145,2.988,3.099,3.07,0.878,1.618,2.107,2.276,2.307,1.043,2.129,0.11,0.07,0.176,0,0,1,1,1
65,9,9,L,TRUE,2.317,1.019,1.328,2.332,2.746,0.845,1.305,1.561,1.343,2.175,1.024,2.186,2.123,0.491,0.294,0,0,0,1,1
66,10,10,L,TRUE,2.364,1.156,1.232,0.971,2.97,1.02,1.773,1.943,1.588,2.114,0.917,2.283,2.289,2.239,0.146,0,0,0,0,1
67,11,11,L,TRUE,1.801,2.997,2.881,1.94,2.238,0.719,2.218,2.285,1.808,1.972,1.372,0.157,0.287,2.177,2.258,0,1,1,0,0
68,12,12,L,TRUE,3.084,2.976,1.155,1.087,2.823,1.785,2.2,1.913,1.509,2.069,0.285,0.471,2.612,2.434,0.038,1,1,0,0,1
69,0,13,L,FALSE,2.17,2.93,1.892,1.971,2.005,0.866,2.119,2.006,1.839,2.276,1.064,0.427,2.168,2.269,2.256,0,1,0,0,0
70,14,14,L,TRUE,1.753,2.959,3.033,2.927,1.515,0.408,2.228,2.33,2.219,1.637,1.514,0.2,0.14,0.168,1.686,0,1,1,1,0
71,1,1,L,TRUE,2.136,1.469,1.63,1.594,2.318,1.161,1.559,1.162,1.165,1.515,1.042,2.692,2.234,2.437,2.45,0,0,0,0,0
72,2,2,L,TRUE,3.058,1.765,2.318,2.061,2.431,1.727,1.459,1.309,1.314,1.794,0.145,2.58,1.938,2.061,1.848,1,0,0,0,0
73,3,3,L,TRUE,2.974,2.857,2.234,1.735,2.178,1.871,2.206,1.499,1.194,1.516,0.046,0.492,1.957,2.22,2.465,1,1,0,0,0
74,0,4,L,FALSE,3.039,3.03,3,1.869,2.218,1.863,2.2,2.165,2.126,2.368,0.134,0.161,0.244,2.296,2.436,1,1,1,0,0
75,5,5,L,TRUE,2.93,3.004,3.033,2.76,1.901,1.615,2.212,2.25,2.004,1.74,0.34,0.233,0.217,0.423,1.165,1,1,1,1,0
76,6,6,L,TRUE,2.928,3.039,3.035,3.052,3.103,1.791,2.191,2.25,2.389,2.299,0.417,0.169,0.151,0.076,0.032,1,1,1,1,1
77,7,7,L,TRUE,1.738,2.991,3.062,3.027,3.025,0.492,2.163,2.302,2.476,2.348,1.512,0.171,0.13,0.05,0.174,0,1,1,1,1
78,8,8,L,TRUE,2.186,1.234,3.029,3.093,3.059,0.918,1.6,2.142,2.282,2.322,1.096,2.026,0.111,0.109,0.094,0,0,1,1,1
79,9,9,L,TRUE,2.199,0.989,1.307,2.333,2.785,0.691,1.211,1.5,1.339,2.138,1.171,2.135,2.073,0.436,0.306,0,0,0,1,1
80,10,10,L,TRUE,2.523,0.86,0.96,0.672,2.945,1.052,1.179,1.415,1.157,2.106,0.854,2.199,2.244,2.318,0.125,0,0,0,0,1
81,0,11,L,FALSE,1.685,2.998,2.959,1.842,2.106,0.661,2.179,2.116,1.921,2.045,1.48,0.109,0.26,1.941,1.91,0,1,1,0,0
82,12,12,L,TRUE,2.966,2.828,1.852,1.706,2.648,1.787,2.001,2.121,1.963,1.889,0.091,0.465,2.476,2.401,0.088,1,1,0,0,1
83,11,13,L,FALSE,2.094,2.903,2.252,2.057,2.251,1.038,2.363,1.651,1.497,1.817,1.097,0.345,2.143,2.325,2.439,0,1,0,0,0
84,14,14,L,TRUE,1.822,2.996,3.037,2.912,1.626,0.422,2.304,2.351,2.378,1.79,1.524,0.186,0.141,0.183,1.817,0,1,1,1,0
1,1,1,R,TRUE,2.158,0.528,0.599,0.577,0.441,1.25,0.539,0.564,0.56,0.643,1.188,2.164,2.006,2.233,2.59,0,0,0,0,0
2,2,2,R,TRUE,3.034,0.417,0.772,0.785,1.074,2.001,0.906,0.723,0.742,1.197,0.273,2.933,2.053,2.1,2.099,1,0,0,0,0
3,3,3,R,TRUE,2.985,2.975,1.18,1.141,1.171,1.878,2.279,1.173,1.113,1.272,0.057,0.441,2.205,2.138,1.934,1,1,0,0,0
4,4,4,R,TRUE,3.007,3.078,3.039,0.909,0.753,1.798,2.178,2.237,1.287,1.082,0.127,0.129,0.225,2.334,2.336,1,1,1,0,0
5,5,5,R,TRUE,3.05,3.039,3.053,3.021,1.302,1.903,2.222,2.12,2.221,1.466,0.099,0.174,0.136,0.185,1.851,1,1,1,1,0
6,6,6,R,TRUE,2.982,3.034,2.902,2.933,2.979,1.93,2.169,2.198,2.229,2.319,0.327,0.199,0.136,0.161,0.169,1,1,1,1,1
7,7,7,R,TRUE,1.963,3.042,3.092,3.045,3.028,0.656,2.248,2.248,2.38,2.183,1.334,0.156,0.106,0.173,0.089,0,1,1,1,1
8,8,8,R,TRUE,2.265,1.378,3.052,3.111,2.921,0.842,1.417,2.36,2.282,2.281,1.077,1.598,0.181,0.077,0.18,0,0,1,1,1
9,9,9,R,TRUE,2.456,0.551,0.729,3.043,3.076,0.715,0.953,0.86,2.077,2.266,0.972,2.414,2.113,0.132,0.036,0,0,0,1,1
10,10,10,R,TRUE,2.293,1.171,1.176,0.936,3.032,0.787,1.438,1.431,1.09,2.136,1.238,2.11,2.223,2.064,0.137,0,0,0,0,1
11,11,11,R,TRUE,2.383,3.033,3.02,1.096,1.163,0.781,2.137,2.176,1.211,1.213,1.052,0.048,0.121,1.912,1.774,0,1,1,0,0
12,12,12,R,TRUE,3.094,2.884,1.288,1.258,2.848,2.065,2.284,1.684,1.651,2.135,0.437,0.307,2.574,2.495,0.228,1,1,0,0,1
13,13,13,R,TRUE,2.532,3.052,1.479,1.288,1.354,0.699,2.194,1.453,1.349,1.827,0.78,0.345,1.887,2.04,2.042,0,1,0,0,0
14,14,14,R,TRUE,2.251,3.04,3.082,3.065,1.247,0.477,2.27,2.204,2.465,1.544,1.22,0.057,0.088,0.088,1.811,0,1,1,1,0
15,1,1,R,TRUE,2.151,0.543,0.627,0.508,0.143,1.235,0.561,0.604,0.547,0.483,1.251,2.276,2.279,2.491,3.027,0,0,0,0,0
16,2,2,R,TRUE,2.924,0.344,0.861,0.81,0.916,2.13,1.1,0.837,0.838,1.25,0.286,3.003,2.153,2.252,2.261,1,0,0,0,0
17,3,3,R,TRUE,2.881,2.964,1.35,1.317,1.357,2.037,2.283,1.401,1.333,1.481,0.073,0.34,2.172,2.147,2.065,1,1,0,0,0
18,4,4,R,TRUE,2.897,3.071,3.041,0.944,0.776,1.909,2.247,2.257,1.193,1.085,0.016,0.153,0.235,2.324,2.393,1,1,1,0,0
19,5,5,R,TRUE,3.104,3.025,3.021,3.053,1.386,2.008,2.231,2.105,2.247,1.699,0.182,0.178,0.092,0.147,1.982,1,1,1,1,0
20,6,6,R,TRUE,2.972,3.041,2.912,2.949,2.984,2.002,2.158,2.175,2.194,2.246,0.337,0.161,0.117,0.165,0.162,1,1,1,1,1
21,7,7,R,TRUE,2.027,3.042,3.118,3.06,3.008,0.676,2.27,2.256,2.354,2.216,1.266,0.19,0.12,0.155,0.071,0,1,1,1,1
22,8,8,R,TRUE,2.405,1.368,3.004,3.12,2.929,1.078,1.505,2.331,2.195,2.233,0.937,1.654,0.152,0.065,0.183,0,0,1,1,1
23,9,9,R,TRUE,2.467,0.715,0.564,3.028,3.027,0.815,0.922,0.724,2.063,2.185,0.938,2.149,2.16,0.074,0.132,0,0,0,1,1
24,10,10,R,TRUE,2.352,0.723,1.154,1.052,2.851,0.816,0.837,1.506,1.409,2.167,1.12,2.252,2.417,2.53,0.279,0,0,0,0,1
25,11,11,R,TRUE,2.326,3.057,3.037,1.117,1.236,0.756,2.18,2.134,1.339,1.412,1.091,0.056,0.098,2.044,1.952,0,1,1,0,0
26,12,12,R,TRUE,3.119,2.93,1.196,1.201,2.812,2.06,2.336,1.656,1.565,2.157,0.416,0.375,2.667,2.495,0.224,1,1,0,0,1
27,13,13,R,TRUE,2.61,3.037,1.584,1.565,1.603,0.907,2.166,1.68,1.677,2.094,0.712,0.333,1.976,2.146,2.146,0,1,0,0,0
28,11,14,R,FALSE,2.282,3.046,3.101,1.283,1.423,0.806,2.501,2.511,1.114,1.466,1.194,0.078,0.07,1.36,1.817,0,1,1,1,0
29,1,1,R,TRUE,1.97,0.733,0.866,0.559,0.114,1.259,0.718,0.804,0.613,0.396,1.373,2.129,2.195,2.524,2.933,0,0,0,0,0
30,2,2,R,TRUE,2.956,0.4,0.924,0.653,0.421,2.105,1.019,0.985,0.831,0.796,0.261,2.987,2.321,2.625,2.652,1,0,0,0,0
31,3,3,R,TRUE,2.849,2.939,1.419,1.408,1.703,2.033,2.305,1.29,1.252,1.625,0.096,0.391,2.178,2.129,2.081,1,1,0,0,0
32,4,4,R,TRUE,2.932,3.083,3.056,1.01,0.84,1.741,2.155,2.29,1.315,1.082,0.062,0.129,0.254,2.22,2.148,1,1,1,0,0
33,5,5,R,TRUE,2.969,2.994,3.042,3.107,1.383,1.98,2.175,2.125,2.258,1.206,0.056,0.131,0.09,0.067,1.316,1,1,1,1,0
34,6,6,R,TRUE,3,3.001,2.865,2.936,3.009,2.027,2.188,2.205,2.209,2.287,0.299,0.163,0.12,0.171,0.18,1,1,1,1,1
35,7,7,R,TRUE,2.025,3.052,3.097,3.032,3.047,0.735,2.245,2.236,2.384,2.188,1.273,0.182,0.116,0.201,0.116,0,1,1,1,1
36,8,8,R,TRUE,2.38,1.315,3.004,3.109,2.938,0.914,1.566,2.283,2.181,2.175,0.993,1.771,0.15,0.06,0.118,0,0,1,1,1
37,9,9,R,TRUE,2.422,0.69,0.696,2.943,3.072,0.834,0.956,1.043,1.94,2.153,0.981,2.258,2.397,0.071,0.092,0,0,0,1,1
38,10,10,R,TRUE,2.253,0.908,1.101,0.882,2.988,0.833,1.105,1.435,1.08,2.074,1.289,2.253,2.373,2.239,0.24,0,0,0,0,1
39,11,11,R,TRUE,2.379,3.081,3.073,1.014,1.299,0.921,2.189,2.158,1.156,1.433,0.989,0.068,0.039,1.738,1.79,0,1,1,0,0
40,12,12,R,TRUE,3.121,2.897,1.33,1.341,2.773,2.001,2.4,1.869,1.787,2.147,0.395,0.353,2.686,2.502,0.216,1,1,0,0,1
41,13,13,R,TRUE,2.659,3.01,1.55,1.564,1.585,0.922,2.137,1.678,1.737,2.24,0.652,0.364,1.987,2.164,2.22,0,1,0,0,0
42,14,14,R,TRUE,2.191,3.025,3.086,3.112,1.272,0.365,2.262,2.183,2.471,1.924,1.238,0.02,0.047,0.096,2.057,0,1,1,1,0
43,1,1,L,TRUE,2.076,0.45,0.866,0.923,0.866,1.272,0.924,0.828,0.984,1.37,1.2,2.841,2.24,2.394,2.579,0,0,0,0,0
44,2,2,L,TRUE,3.073,0.203,0.785,0.832,0.697,2.074,0.968,0.724,0.775,0.848,0.154,2.656,2.073,2.155,2.394,1,0,0,0,0
45,3,3,L,TRUE,3.132,3.017,1.04,0.909,0.733,1.798,2.181,1.065,0.929,0.893,0.244,0.346,2.137,2.181,2.245,1,1,0,0,0
46,4,4,L,TRUE,3.092,3.002,3.049,1.017,0.858,1.761,2.184,2.253,1.352,1.164,0.266,0.118,0.204,2.334,2.292,1,1,1,0,0
47,5,5,L,TRUE,3.07,3.03,3.026,2.965,1.201,1.727,2.179,2.131,2.225,1.427,0.389,0.105,0.104,0.085,1.788,1,1,1,1,0
48,6,6,L,TRUE,2.984,3.084,3.08,3.031,3.015,1.828,2.201,2.248,2.343,2.338,0.394,0.072,0.1,0.142,0.217,1,1,1,1,1
49,7,7,L,TRUE,1.93,2.991,3.067,3.036,3.09,0.46,2.196,2.228,2.404,2.29,1.416,0.086,0.071,0.042,0.043,0,1,1,1,1
50,8,8,L,TRUE,2.389,0.837,3.096,3.032,2.986,0.927,0.842,2.403,2.365,2.36,0.919,1.834,0.151,0.084,0.104,0,0,1,1,1
51,0,9,L,FALSE,2.897,1.496,0.499,2.784,3.051,1.137,1.012,0.944,1.81,2.43,0.532,0.139,2.608,0.607,0.19,0,0,0,1,1
52,10,10,L,TRUE,2.852,1.21,1.216,0.889,3.018,1.222,1.477,1.685,1.358,2.214,0.6,2.163,2.295,2.388,0.193,0,0,0,0,1
53,11,11,L,TRUE,2.412,2.905,3.049,1.06,1.247,0.88,2.11,2.239,1.358,1.414,1.057,0.051,0.21,2.231,2.031,0,1,1,0,0
54,12,12,L,TRUE,2.787,2.97,1.165,1.234,2.889,1.592,2.199,1.866,1.775,2.235,0.568,0.32,2.658,2.551,0.376,1,1,0,0,1
55,13,13,L,TRUE,2.399,3.065,1.086,1.264,1.147,0.993,2.271,1.429,1.513,1.362,0.979,0.355,2.283,2.253,2.132,0,1,0,0,0
56,14,14,L,TRUE,2.119,3.009,3.078,2.959,1.369,0.445,2.221,2.217,2.405,1.641,1.315,0.166,0.095,0.125,2.075,0,1,1,1,0
57,1,1,L,TRUE,2.093,0.192,0.61,0.659,0.715,1.24,0.446,0.573,0.615,0.785,1.165,2.526,1.893,1.943,2.041,0,0,0,0,0
58,2,2,L,TRUE,3.043,0.058,0.636,0.694,0.761,2.014,0.888,0.595,0.647,0.802,0.17,2.515,1.959,2.021,2.109,1,0,0,0,0
59,3,3,L,TRUE,3.069,3.031,1.222,1.085,0.96,1.785,2.231,1.28,1.128,1.168,0.169,0.403,2.148,2.209,2.23,1,1,0,0,0
60,4,4,L,TRUE,3.091,3.053,3.053,0.803,0.686,1.703,2.194,2.2,1.036,0.857,0.186,0.256,0.254,2.371,2.328,1,1,1,0,0
61,5,5,L,TRUE,3.124,3.08,3.089,3.006,1.108,1.71,2.199,2.156,2.306,1.16,0.295,0.139,0.148,0.096,1.603,1,1,1,1,0
62,6,6,L,TRUE,3.003,3.097,3.065,3.016,2.99,1.925,2.116,2.164,2.259,2.255,0.362,0.039,0.107,0.162,0.178,1,1,1,1,1
63,7,7,L,TRUE,1.917,2.916,3.074,3.058,3.124,0.507,2.218,2.231,2.361,2.445,1.46,0.038,0.032,0.143,0.068,0,1,1,1,1
64,8,8,L,TRUE,2.618,0.805,3.057,3.082,3.107,1,0.965,2.304,2.375,2.382,0.709,2.125,0.199,0.169,0.062,0,0,1,1,1
65,9,9,L,TRUE,2.8,0.3,0.524,2.852,2.995,1.091,0.557,1.003,1.922,2.38,0.723,2.515,2.68,0.55,0.124,0,0,0,1,1
66,10,10,L,TRUE,2.76,1.229,1.24,0.956,2.987,1.16,1.336,1.569,1.276,2.205,0.714,1.988,2.178,2.247,0.211,0,0,0,0,1
67,11,11,L,TRUE,2.383,2.838,3.009,1.09,1.268,0.932,2.133,2.275,1.333,1.388,1.108,0.031,0.214,2.233,2.035,0,1,1,0,0
68,12,12,L,TRUE,3.057,2.903,1.17,1.23,2.961,1.849,2.175,1.773,1.765,2.231,0.333,0.277,2.623,2.552,0.365,1,1,0,0,1
69,13,13,L,TRUE,2.393,3.055,1.279,1.533,1.336,0.984,2.211,1.678,1.752,1.442,0.938,0.388,2.307,2.281,2.084,0,1,0,0,0
70,14,14,L,TRUE,2.212,3.058,3.089,3.035,1.361,0.441,2.209,2.215,2.405,1.474,1.215,0.134,0.069,0.127,1.874,0,1,1,1,0
71,1,1,L,TRUE,2.022,0.055,0.431,0.55,0.551,1.177,0.487,0.441,0.541,0.545,1.243,2.432,1.635,1.587,1.819,0,0,0,0,0
72,2,2,L,TRUE,3.078,0.461,0.771,0.691,0.431,1.943,0.86,0.721,0.668,0.606,0.221,2.876,2.13,2.204,2.632,1,0,0,0,0
73,3,3,L,TRUE,3.065,3.05,1.275,1.099,0.898,1.842,2.17,1.272,1.086,1.109,0.175,0.43,2.083,2.166,2.285,1,1,0,0,0
74,4,4,L,TRUE,3.053,2.974,2.999,0.767,0.616,1.805,2.175,2.187,1.005,0.846,0.181,0.128,0.197,2.375,2.381,1,1,1,0,0
75,5,5,L,TRUE,3.089,3.102,3.06,3.004,1.272,1.713,2.194,2.105,2.392,1.354,0.289,0.129,0.112,0.124,1.691,1,1,1,1,0
76,6,6,L,TRUE,3.073,3.08,3.048,3,2.977,1.887,2.133,2.172,2.205,2.277,0.283,0.096,0.125,0.176,0.177,1,1,1,1,1
77,7,7,L,TRUE,1.778,2.907,3.046,3.089,3.124,0.559,2.181,2.218,2.352,2.447,1.587,0.058,0.005,0.101,0.054,0,1,1,1,1
78,8,8,L,TRUE,2.622,0.979,2.998,3.049,3.033,1.151,0.967,2.398,2.333,2.341,0.773,1.581,0.138,0.164,0.219,0,0,1,1,1
79,9,9,L,TRUE,2.435,0.598,0.967,2.667,2.912,0.975,0.779,1.11,1.893,2.041,0.998,2.262,2.194,0.264,0.239,0,0,0,1,1
80,10,10,L,TRUE,2.482,0.9,1.198,0.922,2.954,1.136,0.951,1.612,1.309,2.193,0.95,1.944,2.29,2.37,0.271,0,0,0,0,1
81,11,11,L,TRUE,2.297,2.942,3.086,1.203,1.089,0.768,2.094,2.265,1.552,1.198,1.148,0.098,0.239,2.332,2.064,0,1,1,0,0
82,12,12,L,TRUE,3.024,2.933,1.238,1.18,2.933,1.863,2.19,1.753,1.637,2.288,0.376,0.27,2.552,2.487,0.315,1,1,0,0,1
83,13,13,L,TRUE,2.323,3.041,1.426,1.576,1.407,0.822,2.145,1.814,1.796,1.661,0.982,0.32,2.314,2.296,2.119,0,1,0,0,0
84,14,14,L,TRUE,2.219,3.021,3.093,2.928,1.234,0.447,2.18,2.156,2.348,1.476,1.23,0.077,0.088,0.101,2.052,0,1,1,1,0
1,1,1,R,TRUE,2.439,0.571,0.49,0.626,0.776,1.303,0.569,0.472,0.593,0.778,0.805,2.281,2.342,2.278,2.239,0,0,0,0,0
2,2,2,R,TRUE,3.111,0.747,0.799,0.834,1.109,1.935,1.01,0.836,0.868,1.276,0.209,2.543,2.503,2.521,2.437,1,0,0,0,0
3,3,3,R,TRUE,3.03,2.783,1.191,1.134,1.645,1.837,2.342,1.014,0.954,1.289,0.098,0.409,2.163,2.211,2.212,1,1,0,0,0
4,4,4,R,TRUE,2.976,3.026,3.071,1.188,1.432,1.605,2.126,2.209,1.399,1.593,0.203,0.232,0.334,1.986,1.828,1,1,1,0,0
5,5,5,R,TRUE,2.997,3.04,3.051,3.038,1.607,1.715,2.174,2.162,2.267,1.7,0.302,0.13,0.121,0.083,1.618,1,1,1,1,0
6,6,6,R,TRUE,2.987,3.048,2.982,3.013,3.012,1.78,2.217,2.351,2.4,2.373,0.268,0.185,0.092,0.052,0.058,1,1,1,1,1
7,7,7,R,TRUE,1.801,3.015,3.11,3.04,3.017,0.62,2.289,2.367,2.472,2.306,1.449,0.218,0.127,0.165,0.018,0,1,1,1,1
8,8,8,R,TRUE,2.637,1.05,2.916,2.935,2.997,1.063,1.079,2.335,2.397,2.347,0.617,1.695,0.211,0.181,0.221,0,0,1,1,1
9,9,9,R,TRUE,2.543,0.444,1.209,2.97,2.862,0.819,0.708,1.333,1.91,2.255,0.817,2.476,1.979,0.35,0.239,0,0,0,1,1
10,10,10,R,TRUE,2.593,1.01,1.15,0.809,2.791,1.053,1.217,1.413,1,2.14,0.833,2.2,2.163,2.166,0.193,0,0,0,0,1
11,11,11,R,TRUE,2.129,2.979,2.968,1.387,1.288,0.86,2.221,2.394,1.411,1.302,1.113,0.306,0.33,1.997,1.88,0,1,1,0,0
12,12,12,R,TRUE,3.016,3.045,1.265,1.172,2.927,1.767,2.244,1.543,1.429,2.255,0.399,0.402,2.38,2.306,0.294,1,1,0,0,1
13,13,13,R,TRUE,2.41,3.006,1.158,1.173,1.392,0.976,2.126,1.12,1.145,1.511,0.816,0.443,2.077,2.16,2.129,0,1,0,0,0
14,14,14,R,TRUE,2.18,2.99,3.021,2.986,1.551,0.761,2.259,2.274,2.488,1.848,1.091,0.24,0.119,0.065,1.964,0,1,1,1,0
15,1,1,R,TRUE,2.356,0.547,0.541,0.693,0.914,1.266,0.584,0.517,0.647,0.91,0.887,2.411,2.25,2.216,2.169,0,0,0,0,0
16,2,2,R,TRUE,3.08,0.749,0.863,0.903,1.418,1.901,1.085,0.876,0.905,1.371,0.138,2.716,2.49,2.533,2.374,1,0,0,0,0
17,3,3,R,TRUE,3.085,2.793,1.031,0.985,1.525,1.799,2.355,0.901,0.844,1.204,0.162,0.421,2.148,2.105,2.071,1,1,0,0,0
18,4,4,R,TRUE,2.971,2.999,3.078,1.212,1.53,1.605,2.108,2.22,1.314,1.578,0.24,0.218,0.327,1.951,1.827,1,1,1,0,0
19,5,5,R,TRUE,2.973,3.016,3.041,3.026,1.577,1.642,2.163,2.203,2.29,1.762,0.319,0.156,0.133,0.097,1.74,1,1,1,1,0
20,6,6,R,TRUE,2.983,3.045,2.948,3.013,3.035,1.788,2.224,2.357,2.4,2.367,0.289,0.201,0.133,0.067,0.019,1,1,1,1,1
21,7,7,R,TRUE,1.764,2.976,3.064,3.062,3.032,0.674,2.253,2.345,2.483,2.338,1.47,0.222,0.137,0.161,0.036,0,1,1,1,1
22,8,8,R,TRUE,2.432,1.036,2.895,2.933,3.074,1.023,1.344,2.235,2.404,2.318,0.825,1.863,0.057,0.088,0.16,0,0,1,1,1
23,9,9,R,TRUE,2.398,0.558,1.363,2.905,2.812,0.763,0.809,1.382,1.976,2.259,0.975,2.334,1.865,0.355,0.244,0,0,0,1,1
24,10,10,R,TRUE,2.557,1.071,1.289,0.921,2.696,0.992,1.276,1.482,1.142,2.05,0.835,2.197,2.192,2.206,0.229,0,0,0,0,1
25,11,11,R,TRUE,2.064,3.022,2.943,1.585,1.527,0.785,2.216,2.376,1.619,1.665,1.2,0.253,0.292,2.088,2.106,0,1,1,0,0
26,12,12,R,TRUE,2.998,2.974,1.385,1.273,2.811,1.762,2.22,1.66,1.572,2.149,0.354,0.409,2.371,2.34,0.267,1,1,0,0,1
27,13,13,R,TRUE,2.431,3.027,1.476,1.495,1.661,1.123,2.185,1.434,1.444,1.694,0.759,0.502,2.054,2.149,2.066,0,1,0,0,0
28,14,14,R,TRUE,2.235,3.027,3.013,2.96,1.818,0.799,2.257,2.27,2.353,1.918,1.055,0.187,0.108,0.111,1.874,0,1,1,1,0
29,1,1,R,TRUE,2.333,0.951,0.899,1.005,1.4,1.164,0.956,0.855,0.946,1.297,0.902,2.252,2.431,2.485,2.41,0,0,0,0,0
30,2,2,R,TRUE,3.044,1.17,1.165,1.219,1.845,1.865,1.4,1.129,1.155,1.483,0.191,2.631,2.616,2.668,2.348,1,0,0,0,0
31,3,3,R,TRUE,3.064,2.716,1.212,1.249,1.782,1.789,2.353,1.058,1.047,1.294,0.207,0.364,2.237,2.338,2.252,1,1,0,0,0
32,4,4,R,TRUE,2.975,2.991,3.021,1.359,1.701,1.588,2.13,2.209,1.443,1.641,0.22,0.192,0.303,2.04,1.974,1,1,1,0,0
33,5,5,R,TRUE,3.007,3.029,3.031,3.085,1.768,1.692,2.162,2.216,2.178,1.786,0.294,0.139,0.106,0.146,1.575,1,1,1,1,0
34,6,6,R,TRUE,3.016,3.056,3.001,3.058,3.019,1.811,2.245,2.359,2.406,2.37,0.236,0.167,0.086,0.008,0.058,1,1,1,1,1
35,7,7,R,TRUE,1.764,2.998,3.092,3.06,2.965,0.644,2.263,2.356,2.446,2.376,1.457,0.241,0.153,0.157,0.016,0,1,1,1,1
36,8,8,R,TRUE,2.39,1.172,2.783,2.895,3.007,1.104,1.565,2.146,2.304,2.295,0.832,1.861,0.107,0.119,0.105,0,0,1,1,1
37,9,9,R,TRUE,2.324,0.897,1.326,2.719,2.781,0.752,1.093,1.311,1.699,2.229,1.042,2.077,1.832,0.41,0.278,0,0,0,1,1
38,10,10,R,TRUE,2.573,1.006,1.236,0.924,2.776,1.096,1.19,1.436,1.193,2.044,0.815,2.14,2.151,2.216,0.243,0,0,0,0,1
39,11,11,R,TRUE,2,2.981,2.929,1.618,1.594,0.832,2.204,2.275,1.65,1.677,1.202,0.266,0.323,2.032,2.021,0,1,1,0,0
40,12,12,R,TRUE,3.004,2.837,1.53,1.399,2.892,1.697,2.005,1.656,1.61,2.122,0.342,0.529,2.273,2.228,0.212,1,1,0,0,1
41,13,13,R,TRUE,2.323,2.928,1.481,1.43,1.928,0.956,2.193,1.24,1.194,1.688,0.902,0.5,2.002,2.173,2.205,0,1,0,0,0
42,14,14,R,TRUE,2.214,2.953,3.012,3.041,1.916,0.895,2.264,2.31,2.427,2.149,1.033,0.29,0.184,0.275,1.874,0,1,1,1,0
43,1,1,L,TRUE,2.267,0.175,0.355,0.504,0.481,1.257,0.284,0.356,0.495,0.61,1.035,2.628,2.335,2.179,2.392,0,0,0,0,0
44,2,2,L,TRUE,3.034,0.242,0.573,0.628,0.477,1.918,0.263,0.549,0.589,0.513,0.263,2.496,1.714,1.818,2.136,1,0,0,0,0
46,3,3,L,TRUE,3.122,2.98,1.171,0.829,1.067,1.785,2.114,1.095,0.865,1.371,0.296,0.601,1.881,2.228,2.306,1,1,0,0,0
47,4,4,L,TRUE,3.014,2.933,2.941,1.175,1.385,1.661,2.133,2.076,1.486,1.808,0.373,0.238,0.367,2.123,2.017,1,1,1,0,0
48,7,5,L,FALSE,2.554,2.989,2.976,2.986,2.018,1.628,2.142,2.192,2.273,1.594,0.723,0.286,0.193,0.437,1.276,1,1,1,1,0
49,7,6,L,FALSE,2.61,2.974,2.967,3.009,3.095,1.604,2.219,2.234,2.31,2.246,0.661,0.272,0.192,0.168,0.162,1,1,1,1,1
50,7,7,L,TRUE,1.76,2.967,2.989,3.005,3.088,0.482,2.284,2.304,2.442,2.399,1.53,0.197,0.112,0.072,0.106,0,1,1,1,1
51,8,8,L,TRUE,2.521,1.034,2.949,3.002,2.956,0.913,1.229,2.211,2.115,2.207,0.819,2.087,0.311,0.076,0.09,0,0,1,1,1
52,10,9,L,FALSE,2.086,0.882,1.15,1.533,3.02,0.968,1.165,1.442,1.004,2.249,1.268,2.368,2.323,0.7,0.156,0,0,0,1,1
53,10,10,L,TRUE,2.271,0.964,1.102,0.805,2.743,0.98,1.67,1.809,1.39,1.838,1.181,2.486,2.571,2.684,0.16,0,0,0,0,1
54,11,11,L,TRUE,2.008,2.937,2.981,1.364,1.436,0.748,2.178,2.257,1.32,1.353,1.279,0.171,0.224,1.629,1.566,0,1,1,0,0
55,12,12,L,TRUE,2.999,2.829,1.533,1.601,2.786,1.798,2.052,1.751,1.753,2.054,0.569,0.862,2.482,2.345,0.248,1,1,0,0,1
56,13,13,L,TRUE,2.174,2.939,1.308,1.092,1.247,0.756,2.244,1.463,1.317,1.658,1.135,0.531,2.104,2.185,2.02,0,1,0,0,0
57,14,14,L,TRUE,2.157,3.021,2.977,3.061,1.571,0.631,2.324,2.339,2.314,1.715,1.278,0.28,0.227,0.25,1.696,0,1,1,1,0
58,1,1,L,TRUE,2.095,0.643,0.924,1.015,1.357,1.071,0.666,0.864,0.995,1.573,1.149,2.122,2.031,2.22,2.25,0,0,0,0,0
59,2,2,L,TRUE,2.879,0.809,1.105,1.145,1.532,1.627,1.002,0.945,0.99,1.628,0.444,2.715,2.138,2.218,2.25,1,0,0,0,0
60,3,3,L,TRUE,3.027,2.896,1.666,1.292,1.713,1.838,2.082,1.367,1.096,1.556,0.334,0.74,1.934,2.178,2.301,1,1,0,0,0
61,4,4,L,TRUE,3.012,2.952,2.949,1.435,1.65,1.647,2.139,2.075,1.614,1.959,0.351,0.199,0.318,2.059,2.046,1,1,1,0,0
62,6,5,L,FALSE,2.713,2.964,2.956,2.706,2.075,1.769,2.239,2.288,2.154,1.887,0.619,0.253,0.21,0.596,1.338,1,1,1,1,0
63,6,6,L,TRUE,2.798,2.999,2.963,2.991,3.093,1.782,2.251,2.262,2.388,2.312,0.519,0.219,0.189,0.172,0.229,1,1,1,1,1
64,7,7,L,TRUE,1.936,3.008,3.013,2.985,3.065,0.654,2.244,2.312,2.494,2.347,1.328,0.188,0.116,0.054,0.082,0,1,1,1,1
65,8,8,L,TRUE,2.366,1.473,2.907,3.005,3.023,1.219,1.724,2.261,2.183,2.176,0.855,1.806,0.322,0.077,0.046,0,0,1,1,1
66,10,9,L,FALSE,2.163,0.896,1.219,1.251,2.976,1.03,1.251,1.539,0.979,2.244,1.149,2.414,2.299,0.648,0.163,0,0,0,1,1
67,10,10,L,TRUE,2.263,1.083,1.161,0.901,2.846,0.985,1.294,1.555,1.294,2.038,1.117,2.214,2.388,2.43,0.048,0,0,0,0,1
68,11,11,L,TRUE,1.819,2.919,2.907,1.326,1.604,0.513,2.151,2.169,1.386,1.595,1.454,0.19,0.281,1.86,1.757,0,1,1,0,0
69,12,12,L,TRUE,3.035,2.887,1.385,1.368,2.84,1.84,2.048,1.863,1.743,2.046,0.413,0.505,2.539,2.389,0.097,1,1,0,0,1
70,13,13,L,TRUE,2.259,3.013,1.569,1.425,1.464,0.966,2.242,1.594,1.599,1.964,0.991,0.469,1.821,2.145,2.052,0,1,0,0,0
71,14,14,L,TRUE,2.077,3.025,3.053,3.043,1.444,0.626,2.295,2.385,2.34,1.524,1.353,0.232,0.164,0.122,1.621,0,1,1,1,0
72,1,1,L,TRUE,2.234,0.47,0.677,0.765,1.15,1.219,0.724,0.634,0.736,1.283,1.001,2.801,2.183,2.308,2.339,0,0,0,0,0
73,2,2,L,TRUE,2.952,0.985,1.154,1.118,1.685,1.692,1.373,0.963,0.973,1.512,0.41,2.851,2.184,2.331,2.268,1,0,0,0,0
74,3,3,L,TRUE,3.045,2.957,1.622,1.272,1.796,1.668,2.317,1.422,1.139,1.617,0.26,0.557,2.012,2.32,2.437,1,1,0,0,0
75,0,4,L,FALSE,3.048,2.96,2.986,1.721,2.023,1.695,2.136,1.978,2.084,2.262,0.149,0.231,0.369,2.203,2.221,1,1,1,0,0
76,6,5,L,FALSE,2.933,3.047,3.015,2.799,2.106,1.761,2.21,2.24,2.253,1.931,0.513,0.177,0.161,0.556,1.34,1,1,1,1,0
77,6,6,L,TRUE,2.956,3.014,3,3.009,3.116,1.844,2.254,2.307,2.374,2.323,0.445,0.215,0.18,0.162,0.246,1,1,1,1,1
78,7,7,L,TRUE,1.925,3.005,3.025,2.991,3.077,0.745,2.277,2.311,2.483,2.348,1.346,0.174,0.09,0.096,0.116,0,1,1,1,1
79,8,8,L,TRUE,2.48,1.545,2.814,3.008,3.055,1.29,2.043,2.096,2.121,2.129,0.768,2.046,0.367,0.145,0.008,0,0,1,1,1
80,10,9,L,FALSE,2.304,0.95,1.233,0.682,2.914,1.016,1.162,1.514,0.755,2.075,1.003,2.22,2.297,0.919,0.097,0,0,0,1,1
81,10,10,L,TRUE,2.32,0.964,1.071,0.873,2.889,1.082,1.217,1.477,1.299,2.064,1.096,2.256,2.423,2.457,0.079,0,0,0,0,1
82,11,11,L,TRUE,1.826,2.967,2.933,1.27,1.453,0.553,2.243,2.209,1.526,1.658,1.473,0.211,0.251,2.005,1.822,0,1,1,0,0
83,12,12,L,TRUE,3.009,2.876,1.172,1.178,2.845,1.82,2.069,1.705,1.576,2.037,0.432,0.564,2.562,2.407,0.115,1,1,0,0,1
84,13,13,L,TRUE,2.22,3.056,1.493,1.505,1.586,0.977,2.31,1.636,1.743,2.128,1.018,0.366,1.883,2.12,2.046,0,1,0,0,0
85,14,14,L,TRUE,1.991,3.048,3.024,3.058,1.804,0.681,2.295,2.436,2.32,1.834,1.359,0.287,0.192,0.239,1.589,0,1,1,1,0
1,1,1,R,TRUE,2.341,0.914,0.758,0.847,0.915,1.306,0.93,0.74,0.847,1.056,0.898,2.229,2.376,2.389,2.261,0,0,0,0,0
2,2,2,R,TRUE,2.722,1.431,1.504,1.417,2.233,2.023,1.419,1.291,1.314,1.673,0.327,2.446,2.444,2.627,2.127,1,0,0,0,0
3,3,3,R,TRUE,2.516,2.756,1.991,1.842,2.416,2.069,2.293,1.439,1.3,1.594,0.493,0.264,1.987,2.147,1.956,1,1,0,0,0
4,4,4,R,TRUE,2.732,3.12,3.054,1.619,1.775,1.919,2.183,2.316,1.884,1.931,0.225,0.149,0.207,1.885,1.877,1,1,1,0,0
5,6,5,R,FALSE,3.034,3.049,3.074,3.085,2.925,1.973,2.168,2.337,2.484,1.973,0.12,0.09,0.07,0.208,0.945,1,1,1,1,0
6,6,6,R,TRUE,3.036,3.048,3.052,3.108,3.135,1.975,2.225,2.306,2.287,2.336,0.179,0.081,0.022,0.064,0.142,1,1,1,1,1
7,7,7,R,TRUE,2.108,3.088,3.08,3.044,3.116,0.967,2.26,2.309,2.458,2.468,1.11,0.154,0.052,0.07,0.046,0,1,1,1,1
8,8,8,R,TRUE,2.509,1.164,2.956,3.023,2.945,0.873,1.434,2.368,2.377,2.351,0.827,1.877,0.231,0.114,0.188,0,0,1,1,1
9,9,9,R,TRUE,2.639,0.847,1.268,2.747,2.942,0.89,1.057,1.461,1.585,2.193,0.77,2.147,2.049,0.384,0.287,0,0,0,1,1
10,10,10,R,TRUE,2.769,1.4,1.427,1.049,2.731,1.178,1.565,1.67,1.46,2.149,0.635,2.213,2.313,2.42,0.39,0,0,0,0,1
11,11,11,R,TRUE,2.117,3.029,3.077,1.636,1.799,0.808,2.227,2.239,1.769,1.886,1.071,0.199,0.137,1.73,1.661,0,1,1,0,0
12,12,12,R,TRUE,3.103,2.92,1.602,1.64,2.864,1.94,2.342,1.996,1.978,2.343,0.361,0.324,2.499,2.4,0.37,1,1,0,0,1
13,13,13,R,TRUE,2.256,2.98,1.767,1.799,2.353,0.793,2.102,1.552,1.432,1.854,0.969,0.327,1.945,2.091,1.928,0,1,0,0,0
14,14,14,R,TRUE,2.133,3.059,3.099,3.108,1.52,0.535,2.227,2.183,2.549,2.15,1.162,0.112,0.083,0.134,1.905,0,1,1,1,0
15,1,1,R,TRUE,1.994,0.624,0.932,0.919,1.37,0.841,1.401,0.991,1.118,1.618,1.299,2.824,2.353,2.636,2.123,0,0,0,0,0
16,2,2,R,TRUE,2.632,1.297,1.362,1.378,2.266,2.086,1.296,1.177,1.255,1.7,0.4,2.52,2.493,2.648,2.126,1,0,0,0,0
17,3,3,R,TRUE,2.569,2.882,1.699,1.536,1.974,1.958,2.294,1.434,1.279,1.591,0.431,0.32,2.107,2.252,2.118,1,1,0,0,0
18,4,4,R,TRUE,2.79,3.121,3.066,1.641,1.859,1.976,2.175,2.352,1.964,2.037,0.162,0.108,0.18,1.86,1.892,1,1,1,0,0
19,6,5,R,FALSE,2.987,3.08,2.996,2.291,2.181,1.925,2.304,2.506,1.895,2.177,0.292,0.149,0.04,0.773,1.609,1,1,1,1,0
20,6,6,R,TRUE,3.041,3.015,3.068,3.131,3.091,2.113,2.284,2.345,2.275,2.356,0.14,0.049,0.055,0.112,0.202,1,1,1,1,1
21,7,7,R,TRUE,2.099,3.126,3.095,3.111,3.058,0.857,2.213,2.246,2.364,2.417,1.144,0.262,0.095,0.094,0.207,0,1,1,1,1
22,8,8,R,TRUE,2.531,1.146,2.971,3.033,2.947,0.847,1.407,2.238,2.337,2.356,0.818,1.943,0.225,0.085,0.26,0,0,1,1,1
23,9,9,R,TRUE,2.602,0.657,1.068,2.897,2.92,0.751,0.846,1.211,1.701,2.242,0.829,2.248,2.042,0.28,0.267,0,0,0,1,1
24,10,10,R,TRUE,2.683,1.137,1.35,1.081,2.733,1.048,1.306,1.675,1.576,2.23,0.723,2.243,2.336,2.495,0.286,0,0,0,0,1
25,11,11,R,TRUE,2.226,3.043,3.06,1.422,1.596,0.682,2.223,2.22,1.509,1.637,1.014,0.154,0.101,1.737,1.624,0,1,1,0,0
26,12,12,R,TRUE,3.063,3.022,1.414,1.475,2.881,1.788,2.209,1.783,1.843,2.268,0.404,0.387,2.505,2.399,0.339,1,1,0,0,1
27,13,13,R,TRUE,2.304,2.992,1.759,1.77,2.501,0.786,2.134,1.497,1.369,1.748,0.943,0.339,1.943,2.157,2.002,0,1,0,0,0
28,14,14,R,TRUE,2.056,3.059,3.085,3.118,1.648,0.63,2.279,2.251,2.498,2.12,1.191,0.178,0.098,0.17,1.798,0,1,1,1,0
30,1,1,R,TRUE,2.411,0.766,0.747,0.824,1.383,1.038,0.889,0.728,0.861,1.43,0.862,2.387,2.379,2.488,2.192,0,0,0,0,0
31,2,2,R,TRUE,2.736,1.378,1.438,1.371,2.389,2.051,1.314,1.166,1.181,1.599,0.308,2.456,2.353,2.53,2.035,1,0,0,0,0
32,3,3,R,TRUE,2.514,2.896,1.404,1.338,1.669,1.832,2.255,1.313,1.189,1.46,0.45,0.379,2.163,2.217,2.087,1,1,0,0,0
33,4,4,R,TRUE,2.747,3.099,3.072,1.355,1.608,1.918,2.204,2.315,1.609,1.789,0.16,0.128,0.157,1.939,1.947,1,1,1,0,0
34,5,5,R,TRUE,3.102,3.06,3.058,3.046,2.066,1.94,2.268,2.245,2.138,1.964,0.323,0.098,0.108,0.346,1.658,1,1,1,1,0
35,6,6,R,TRUE,3.061,3.07,3.051,3.137,3.077,1.973,2.254,2.297,2.284,2.311,0.201,0.122,0.062,0.03,0.075,1,1,1,1,1
36,7,7,R,TRUE,2.327,3.055,3.056,3.058,3.077,0.989,2.284,2.315,2.409,2.454,0.922,0.132,0.047,0.085,0.109,0,1,1,1,1
37,8,8,R,TRUE,2.521,1.098,2.97,3.06,2.914,0.794,1.163,2.27,2.345,2.3,0.796,1.752,0.183,0.141,0.217,0,0,1,1,1
38,9,9,R,TRUE,2.593,0.664,1.043,2.956,2.877,0.727,0.757,1.167,1.778,2.185,0.846,2.098,2.059,0.316,0.192,0,0,0,1,1
39,10,10,R,TRUE,2.693,1.182,1.428,0.986,2.743,0.986,1.274,1.701,1.441,2.288,0.733,2.179,2.292,2.476,0.308,0,0,0,0,1
40,11,11,R,TRUE,2.154,3.034,3.071,1.63,1.971,0.726,2.267,2.291,1.749,1.952,1.055,0.218,0.135,1.788,1.765,0,1,1,0,0
41,12,12,R,TRUE,3.038,3.017,1.454,1.474,2.908,1.746,2.191,1.853,1.974,2.272,0.381,0.403,2.554,2.479,0.261,1,1,0,0,1
42,13,13,R,TRUE,2.438,3.047,1.758,1.772,2.097,0.789,2.137,1.652,1.493,1.815,0.832,0.387,1.946,2.178,2.053,0,1,0,0,0
43,14,14,R,TRUE,2.075,3.051,3.077,3.09,1.346,0.703,2.269,2.211,2.419,1.475,1.18,0.112,0.083,0.177,1.534,0,1,1,1,0
44,1,1,L,TRUE,2.504,1.085,1.142,1.207,1.285,1.035,1.155,1.121,1.258,1.386,0.9,2.599,2.697,2.715,2.767,0,0,0,0,0
45,0,2,L,FALSE,3.034,1.757,1.69,1.875,2.877,1.895,1.495,1.159,1.271,2.039,0.141,2.649,2.195,2.231,1.752,1,0,0,0,0
46,3,3,L,TRUE,3.048,2.836,1.92,1.617,2.366,1.832,2.227,1.373,1.161,1.493,0.148,0.423,2.057,2.218,2.336,1,1,0,0,0
47,0,4,L,FALSE,3.111,2.946,2.85,1.834,2.11,1.864,2.2,2.294,1.97,2.318,0.281,0.192,0.268,2.25,2.356,1,1,1,0,0
48,6,5,L,FALSE,3.096,2.94,2.919,3.021,2.319,1.77,2.13,2.17,2.186,2.201,0.348,0.119,0.101,0.347,1.424,1,1,1,1,0
49,6,6,L,TRUE,3.049,2.972,3.039,3.036,2.999,1.728,2.186,2.199,2.262,2.299,0.282,0.134,0.101,0.095,0.209,1,1,1,1,1
50,7,7,L,TRUE,2.196,3.02,3.114,3.017,3.018,0.789,2.227,2.251,2.291,2.341,1.088,0.109,0.117,0.09,0.267,0,1,1,1,1
51,8,8,L,TRUE,2.569,1.559,2.959,3.071,2.993,0.956,1.695,2.17,2.356,2.541,0.737,1.928,0.345,0.053,0.157,0,0,1,1,1
52,9,9,L,TRUE,2.564,1.261,1.37,2.677,3.072,0.768,1.586,1.739,1.888,2.445,0.922,2.059,2.11,0.704,0.046,0,0,0,1,1
53,0,10,L,FALSE,2.916,1.328,1.487,1.331,2.909,1.348,1.56,1.908,1.686,2.203,0.511,2.026,2.169,2.081,0.27,0,0,0,0,1
54,11,11,L,TRUE,2.399,2.968,2.887,1.7,1.887,0.929,2.099,2.093,1.489,1.682,0.834,0.2,0.176,1.722,1.762,0,1,1,0,0
55,12,12,L,TRUE,3.002,2.973,1.406,1.457,2.846,1.461,2.161,1.68,1.682,2.103,0.3,0.381,2.337,2.124,0.212,1,1,0,0,1
56,13,13,L,TRUE,2.593,3.048,1.967,2.056,2.162,1.047,2.189,1.681,1.448,1.624,0.797,0.382,1.905,2.04,2.172,0,1,0,0,0
57,14,14,L,TRUE,2.275,3,3.011,2.859,1.792,0.953,2.101,2.235,2.21,1.842,0.984,0.154,0.18,0.202,1.75,0,1,1,1,0
58,1,1,L,TRUE,2.517,1.151,1.277,1.315,1.454,1.056,1.338,1.215,1.318,1.41,0.872,2.708,2.638,2.685,2.594,0,0,0,0,0
59,2,2,L,TRUE,2.979,1.55,1.478,1.487,1.892,1.84,1.607,1.21,1.193,1.366,0.182,2.757,2.552,2.558,2.049,1,0,0,0,0
60,3,3,L,TRUE,2.973,2.949,1.651,1.54,1.948,1.755,2.276,1.395,1.209,1.447,0.118,0.418,2.206,2.297,2.348,1,1,0,0,0
61,4,4,L,TRUE,3.106,2.965,2.797,1.789,2.132,1.779,2.178,2.162,1.613,1.874,0.297,0.199,0.216,2.297,2.429,1,1,1,0,0
62,5,5,L,TRUE,3.127,2.955,2.94,2.939,1.998,1.794,2.131,2.202,2.408,2.172,0.344,0.118,0.092,0.218,1.796,1,1,1,1,0
63,6,6,L,TRUE,3.061,2.978,3.071,3.037,2.987,1.729,2.204,2.236,2.3,2.371,0.329,0.112,0.105,0.074,0.177,1,1,1,1,1
64,7,7,L,TRUE,2.071,2.953,3.084,2.984,2.957,0.673,2.19,2.292,2.353,2.406,1.192,0.031,0.082,0.101,0.314,0,1,1,1,1
65,8,8,L,TRUE,2.607,1.411,2.993,3.047,3.005,0.956,1.6,2.254,2.308,2.542,0.715,1.962,0.362,0.118,0.213,0,0,1,1,1
66,9,9,L,TRUE,2.661,1.048,1.234,2.761,2.981,0.853,1.309,1.505,1.906,2.326,0.804,2.054,2.103,0.518,0.25,0,0,0,1,1
67,10,10,L,TRUE,2.778,1.3,1.554,1.421,2.789,1.169,1.524,1.859,1.817,2.277,0.649,2.21,2.325,2.317,0.334,0,0,0,0,1
68,11,11,L,TRUE,2.116,2.961,3.015,1.656,1.767,0.732,2.139,2.294,1.676,1.772,1.115,0.031,0.168,1.747,1.727,0,1,1,0,0
69,12,12,L,TRUE,3.077,2.895,1.576,1.62,2.819,1.64,2.296,1.988,1.841,2.094,0.292,0.211,2.483,2.273,0.284,1,1,0,0,1
70,13,13,L,TRUE,2.394,2.948,2.095,2.282,2.606,1.032,2.259,1.606,1.448,1.639,0.865,0.207,2.131,2.086,2.097,0,1,0,0,0
71,14,14,L,TRUE,2.201,3.058,3.065,2.928,1.983,0.845,2.135,2.192,2.323,2.037,1.026,0.241,0.167,0.353,1.757,0,1,1,1,0
72,1,1,L,TRUE,2.371,1.646,1.424,1.371,2.139,1.138,1.252,1.061,1.053,1.241,0.898,2.289,2.328,2.478,2.263,0,0,0,0,0
73,2,2,L,TRUE,3.073,1.59,1.421,1.444,2.293,1.716,1.487,1.131,1.115,1.323,0.27,2.781,2.59,2.61,1.951,1,0,0,0,0
74,3,3,L,TRUE,2.987,2.84,1.775,1.709,2.211,1.766,2.355,1.426,1.265,1.436,0.124,0.349,2.311,2.372,2.311,1,1,0,0,0
75,4,4,L,TRUE,3.104,2.963,2.786,1.855,2.337,1.789,2.188,2.087,1.665,1.894,0.347,0.176,0.178,2.197,2.267,1,1,1,0,0
76,6,5,L,FALSE,3.035,2.945,2.946,2.617,2.098,1.702,2.109,2.148,1.721,2.027,0.387,0.192,0.162,0.651,1.561,1,1,1,1,0
77,6,6,L,TRUE,2.977,3.06,3.131,3.097,3.027,1.653,2.202,2.261,2.236,2.316,0.412,0.153,0.132,0.053,0.195,1,1,1,1,1
78,7,7,L,TRUE,1.901,3.047,3.123,3.023,2.997,0.657,2.222,2.281,2.409,2.432,1.391,0.097,0.084,0.034,0.12,0,1,1,1,1
79,8,8,L,TRUE,2.592,1.338,2.986,3.032,3.025,0.964,1.527,2.209,2.348,2.535,0.723,1.992,0.348,0.188,0.019,0,0,1,1,1
80,9,9,L,TRUE,2.552,0.925,1.211,2.732,2.946,0.683,1.304,1.416,1.67,2.353,0.9,2.285,2.151,0.545,0.116,0,0,0,1,1
81,10,10,L,TRUE,2.739,1.079,1.34,1.159,2.906,1.11,1.277,1.718,1.523,2.316,0.688,2.112,2.18,2.129,0.231,0,0,0,0,1
82,11,11,L,TRUE,2.083,2.959,2.925,1.463,1.749,0.727,2.09,2.167,1.425,1.697,1.148,0.171,0.213,1.67,1.643,0,1,1,0,0
83,12,12,L,TRUE,3.071,2.942,1.377,1.469,2.774,1.634,2.197,1.881,1.759,2.093,0.294,0.26,2.552,2.412,0.3,1,1,0,0,1
84,13,13,L,TRUE,2.358,3.051,1.702,1.878,1.945,0.919,2.236,1.677,1.665,1.986,0.932,0.374,2.037,2.109,2.053,0,1,0,0,0
85,14,14,L,TRUE,2.3,3.006,3.027,2.896,1.919,0.969,2.093,2.196,2.314,1.905,0.937,0.195,0.182,0.279,1.612,0,1,1,1,0
1,1,1,R,TRUE,2.425,0.654,0.66,0.846,0.948,1.185,0.665,0.631,0.816,1.157,0.901,2.284,2.412,2.362,2.453,0,0,0,0,0
2,2,2,R,TRUE,3.046,0.578,0.851,0.859,0.993,2.07,0.903,0.86,0.889,1.265,0.216,2.72,2.442,2.457,2.381,1,0,0,0,0
3,3,3,R,TRUE,2.992,2.946,1.508,1.541,1.787,1.836,2.212,1.411,1.421,1.841,0.137,0.331,2.283,2.348,2.325,1,1,0,0,0
4,4,4,R,TRUE,2.945,3.068,3.043,1.088,1.155,1.758,2.174,2.254,1.581,1.718,0.081,0.121,0.227,2.492,2.317,1,1,1,0,0
5,5,5,R,TRUE,3.014,3.016,3.117,3.001,1.507,1.855,2.182,2.293,2.303,1.159,0.172,0.107,0.093,0.154,0.982,1,1,1,1,0
6,6,6,R,TRUE,3.008,3.046,3.062,3.127,3.074,1.948,2.245,2.343,2.328,2.272,0.199,0.132,0.072,0.042,0.097,1,1,1,1,1
7,7,7,R,TRUE,1.896,3.031,3.124,3.044,3.074,0.635,2.311,2.314,2.486,2.336,1.4,0.171,0.083,0.181,0.146,0,1,1,1,1
8,8,8,R,TRUE,2.573,1.253,2.954,3.036,2.95,1.091,1.452,2.35,2.359,2.261,0.799,1.753,0.095,0.086,0.093,0,0,1,1,1
9,10,9,R,FALSE,2.469,0.774,1.271,1.953,2.995,0.763,0.973,1.548,1.116,2.357,0.976,2.295,2.354,0.422,0.146,0,0,0,1,1
10,10,10,R,TRUE,2.552,1.033,1.175,0.873,2.794,1.089,1.352,1.614,1.322,2.223,0.912,2.45,2.551,2.567,0.076,0,0,0,0,1
11,11,11,R,TRUE,2.195,3.047,3.038,1.278,1.548,0.437,2.29,2.351,1.386,1.801,1.155,0.215,0.248,1.824,1.895,0,1,1,0,0
12,12,12,R,TRUE,3.133,3.028,1.431,1.391,2.967,1.956,2.186,1.834,1.936,2.263,0.296,0.36,2.572,2.519,0.238,1,1,0,0,1
13,13,13,R,TRUE,2.357,3.104,1.241,1.39,1.218,0.941,2.293,1.586,1.813,1.669,0.973,0.337,2.114,2.324,2.28,0,1,0,0,0
14,14,14,R,TRUE,2.111,3.066,3.115,3.011,1.095,0.373,2.357,2.431,2.528,1.498,1.273,0.145,0.036,0.056,1.935,0,1,1,1,0
15,1,1,R,TRUE,2.328,0.643,0.713,0.9,1.201,1.197,0.752,0.697,0.876,1.35,0.989,2.53,2.409,2.364,2.322,0,0,0,0,0
16,2,2,R,TRUE,3.03,1.232,1.485,1.418,1.917,1.998,1.646,1.352,1.428,1.929,0.116,2.744,2.578,2.693,2.369,1,0,0,0,0
17,3,3,R,TRUE,2.989,2.876,1.478,1.365,1.686,1.797,2.291,1.295,1.223,1.552,0.129,0.345,2.294,2.409,2.374,1,1,0,0,0
18,4,4,R,TRUE,2.985,2.966,3.01,1.437,1.372,1.654,2.138,2.178,2.113,2.102,0.183,0.145,0.279,2.556,2.395,1,1,1,0,0
19,5,5,R,TRUE,3.092,3.078,3.075,3.038,1.732,1.687,2.151,2.341,2.247,1.576,0.283,0.113,0.131,0.122,1.409,1,1,1,1,0
20,6,6,R,TRUE,2.979,3.026,2.902,2.936,3.054,1.731,2.236,2.286,2.335,2.349,0.363,0.241,0.167,0.164,0.135,1,1,1,1,1
21,7,7,R,TRUE,1.613,3.071,3.08,3.008,3.041,0.58,2.296,2.329,2.463,2.352,1.691,0.2,0.145,0.156,0.06,0,1,1,1,1
22,8,8,R,TRUE,2.418,1.152,2.966,3.021,2.907,0.791,1.291,2.356,2.312,2.354,0.992,1.847,0.181,0.143,0.071,0,0,1,1,1
23,9,9,R,TRUE,2.511,0.627,1.369,2.499,2.908,0.752,0.78,1.666,1.643,2.25,0.891,2.216,2.098,0.602,0.186,0,0,0,1,1
24,10,10,R,TRUE,2.559,0.942,1.255,0.919,2.821,0.946,1.183,1.611,1.374,2.145,0.893,2.393,2.417,2.511,0.07,0,0,0,0,1
25,11,11,R,TRUE,2.186,3.093,2.948,1.727,1.924,0.689,2.221,2.335,1.842,1.99,1.142,0.22,0.167,2.163,2.105,0,1,1,0,0
26,12,12,R,TRUE,3.036,2.981,1.612,1.529,2.938,1.81,2.123,2.028,2.143,2.229,0.334,0.318,2.638,2.535,0.221,1,1,0,0,1
27,0,13,R,FALSE,2.359,3.044,1.996,2.264,2.379,0.742,2.033,2.104,1.879,2.099,0.925,0.326,2.168,2.236,2.203,0,1,0,0,0
28,14,14,R,TRUE,1.967,2.995,3.06,3.073,1.621,0.476,2.342,2.418,2.49,2.038,1.323,0.19,0.152,0.068,1.912,0,1,1,1,0
32,13,1,R,FALSE,2.302,2.901,1.44,1.179,1.408,1.245,1.52,1.126,1.094,1.501,0.919,1.128,2.127,2.616,2.753,0,0,0,0,0
33,2,2,R,TRUE,3.043,1.408,1.459,1.419,2.18,1.94,1.604,1.189,1.222,1.608,0.231,2.668,2.456,2.594,2.167,1,0,0,0,0
34,3,3,R,TRUE,3.031,2.716,1.826,1.509,1.598,1.973,2.262,1.298,1.122,1.256,0.224,0.331,1.911,2.087,2.168,1,1,0,0,0
35,4,4,R,TRUE,3.007,2.969,2.953,1.659,1.774,1.803,2.2,2.18,1.877,1.982,0.283,0.074,0.322,2.44,2.357,1,1,1,0,0
36,6,5,R,FALSE,3.049,3.038,3.043,3.027,2.608,2.031,2.01,2.413,2.219,1.748,0.286,0.114,0.113,0.277,0.718,1,1,1,1,0
37,6,6,R,TRUE,3.059,3.008,3.116,3.124,3.109,2.002,2.234,2.386,2.401,2.365,0.191,0.048,0.059,0.082,0.161,1,1,1,1,1
38,7,7,R,TRUE,1.864,3.012,3.076,3.029,3.064,0.773,2.32,2.381,2.549,2.397,1.399,0.15,0.103,0.182,0.147,0,1,1,1,1
39,8,8,R,TRUE,2.409,1.593,2.902,3.068,3.01,1.157,1.982,2.276,2.276,2.446,0.877,1.775,0.176,0.031,0.167,0,0,1,1,1
40,10,9,R,FALSE,2.35,1.019,1.275,0.428,2.934,0.587,1.374,1.568,0.738,2.341,1.061,2.221,2.285,0.523,0.193,0,0,0,1,1
41,10,10,R,TRUE,2.45,1.168,1.378,1.177,3.091,0.984,1.493,1.578,1.48,2.049,1.042,2.318,2.284,2.276,0.07,0,0,0,0,1
42,11,11,R,TRUE,1.842,2.993,2.905,1.767,2,0.462,2.212,2.353,1.77,1.918,1.462,0.194,0.266,2.113,2.112,0,1,1,0,0
43,12,12,R,TRUE,3.098,2.912,1.613,1.65,2.886,1.991,2.22,1.918,1.997,2.273,0.322,0.32,2.584,2.436,0.234,1,1,0,0,1
44,13,13,R,TRUE,2.323,2.997,1.928,2.005,2.458,0.664,2.065,1.701,1.505,1.924,0.95,0.243,1.967,2.146,2.061,0,1,0,0,0
45,14,14,R,TRUE,1.97,2.97,3.101,3.06,1.733,0.78,2.229,2.421,2.493,2.184,1.298,0.102,0.111,0.11,1.843,0,1,1,1,0
46,1,1,L,TRUE,2.406,1.592,1.65,1.567,2.049,1.192,1.623,1.301,1.238,1.519,0.949,2.615,2.491,2.601,2.543,0,0,0,0,0
47,3,2,L,FALSE,3.003,1.827,1.707,1.737,2.492,1.656,1.579,1.252,1.221,1.47,0.439,2.822,2.658,2.632,2.164,1,0,0,0,0
48,3,3,L,TRUE,2.938,2.998,1.894,1.831,2.256,1.407,2.305,1.498,1.308,1.469,0.532,0.448,2.342,2.433,2.396,1,1,0,0,0
49,4,4,L,TRUE,2.846,2.985,2.896,1.981,2.228,1.165,2.128,1.96,1.638,1.617,0.58,0.441,0.348,2.343,2.376,1,1,1,0,0
50,5,5,L,TRUE,2.882,2.97,2.834,2.594,2.502,1.427,2.198,2.325,1.507,1.802,0.567,0.238,0.202,1.156,1.747,1,1,1,1,0
51,6,6,L,TRUE,2.968,3.068,3.112,3.067,3.015,1.668,2.242,2.311,2.338,2.383,0.558,0.124,0.105,0.056,0.174,1,1,1,1,1
52,7,7,L,TRUE,1.946,2.975,3.037,3.026,3.046,0.96,2.181,2.211,2.305,2.371,1.285,0.186,0.183,0.045,0.281,0,1,1,1,1
53,8,8,L,TRUE,2.59,1.637,2.921,2.92,2.961,1.039,1.916,2.457,2.204,2.441,0.83,2.027,0.418,0.244,0.212,0,0,1,1,1
54,10,9,L,FALSE,2.6,1.305,1.496,1.319,3.011,1.074,1.776,2.413,1.871,2.175,0.893,2.101,2.131,1.955,0.158,0,0,0,1,1
55,10,10,L,TRUE,2.839,1.347,1.307,1.028,2.995,1.292,2.077,2.238,1.919,2.036,0.668,2.206,2.289,2.392,0.11,0,0,0,0,1
56,11,11,L,TRUE,2.193,2.925,2.855,1.905,2.102,0.907,2.139,2.26,1.742,1.877,1.107,0.238,0.291,1.971,2.042,0,1,1,0,0
57,12,12,L,TRUE,2.989,1.988,1.877,1.686,2.59,1.79,2.415,2.214,2.146,1.998,0.493,2.675,2.799,2.785,0.545,1,1,0,0,1
58,13,13,L,TRUE,2.324,2.947,1.939,2.109,2.195,0.859,2.064,1.749,1.625,1.877,1.018,0.449,2.079,2.187,2.32,0,1,0,0,0
59,11,14,L,FALSE,2.095,2.902,2.872,1.928,2.111,0.801,2.118,2.27,1.842,1.93,1.215,0.233,0.312,2.045,2.081,0,1,1,1,0
60,14,14,L,TRUE,1.962,3.035,3.062,2.874,1.54,0.618,2.295,2.341,2.359,2.018,1.352,0.209,0.039,0.045,2.075,0,1,1,1,0
61,1,1,L,TRUE,2.508,1.454,1.451,1.48,2.031,1.27,1.536,1.152,1.136,1.35,0.88,2.741,2.526,2.637,2.445,0,0,0,0,0
62,3,2,L,FALSE,3.056,1.701,1.587,1.634,2.243,1.683,1.576,1.212,1.193,1.326,0.45,2.749,2.694,2.696,2.217,1,0,0,0,0
63,3,3,L,TRUE,2.991,2.94,2.026,1.964,2.373,1.485,2.409,1.503,1.296,1.387,0.52,0.321,2.325,2.377,2.334,1,1,0,0,0
64,3,4,L,FALSE,2.921,3.044,2.199,1.926,2.073,1.348,2.271,1.594,1.25,1.268,0.579,0.371,1.562,2.283,2.376,1,1,1,0,0
65,6,5,L,FALSE,2.881,2.905,2.856,2.875,2.338,1.482,2.145,2.214,2.037,1.919,0.582,0.183,0.241,0.402,1.44,1,1,1,1,0
66,6,6,L,TRUE,2.948,3.016,3.109,3.049,3.035,1.702,2.218,2.302,2.337,2.382,0.542,0.149,0.148,0.098,0.202,1,1,1,1,1
67,7,7,L,TRUE,1.97,3.05,3.109,3.011,2.962,1.078,2.273,2.289,2.362,2.428,1.212,0.154,0.198,0.132,0.332,0,1,1,1,1
68,7,8,L,FALSE,2.476,1.725,3.075,3.033,2.896,0.946,1.86,2.312,2.294,2.456,0.846,1.878,0.229,0.041,0.262,0,0,1,1,1
69,9,9,L,TRUE,2.632,0.98,1.618,2.513,2.852,0.945,1.055,1.973,1.764,2.192,0.84,1.813,2.224,0.782,0.405,0,0,0,1,1
70,10,10,L,TRUE,2.781,1.381,1.361,1.064,2.978,1.272,2.222,2.385,2.066,2.087,0.687,2.221,2.253,2.328,0.088,0,0,0,0,1
71,11,11,L,TRUE,2.267,2.966,2.946,1.572,1.811,0.809,2.102,2.252,1.567,1.832,1.082,0.352,0.276,1.909,2.005,0,1,1,0,0
72,12,12,L,TRUE,3.044,2.732,1.811,1.675,2.54,1.446,1.849,1.98,1.797,2.116,0.351,0.435,2.29,2.332,0.051,1,1,0,0,1
73,13,13,L,TRUE,2.335,2.996,1.804,2.02,2.023,0.896,2.224,1.769,1.704,1.967,1.02,0.445,2.2,2.285,2.413,0,1,0,0,0
74,14,14,L,TRUE,1.957,2.978,3.044,2.918,1.675,0.634,2.249,2.355,2.352,1.887,1.37,0.227,0.133,0.115,1.907,0,1,1,1,0
75,1,1,L,TRUE,2.557,1.42,1.463,1.452,1.715,1.162,1.496,1.23,1.207,1.325,0.857,2.703,2.587,2.688,2.524,0,0,0,0,0
76,2,2,L,TRUE,3.026,1.628,1.547,1.547,1.924,1.696,1.584,1.246,1.186,1.314,0.332,2.776,2.726,2.688,2.187,1,0,0,0,0
77,3,3,L,TRUE,2.982,2.881,1.902,1.944,2.459,1.438,2.465,1.64,1.471,1.732,0.509,0.33,2.412,2.441,2.346,1,1,0,0,0
78,11,4,L,FALSE,2.853,2.878,2.938,1.668,1.949,1.321,2.315,1.792,1.387,1.462,0.604,0.406,1.13,2.596,2.503,1,1,1,0,0
79,5,5,L,TRUE,2.896,2.933,2.728,2.385,2.509,1.453,2.274,2.438,1.469,1.835,0.522,0.359,0.258,1.418,1.834,1,1,1,1,0
80,6,6,L,TRUE,2.981,3.05,3.13,3.034,2.999,1.689,2.183,2.348,2.346,2.364,0.521,0.15,0.115,0.105,0.214,1,1,1,1,1
81,7,7,L,TRUE,1.914,3.021,3.103,2.993,2.971,0.914,2.211,2.225,2.296,2.388,1.292,0.16,0.179,0.129,0.367,0,1,1,1,1
82,7,8,L,FALSE,2.542,1.725,3.047,2.995,3.005,1.169,1.782,2.284,2.273,2.459,0.769,1.745,0.261,0.16,0.164,0,0,1,1,1
83,9,9,L,TRUE,2.516,1.512,1.755,1.571,3.055,0.979,1.887,2.623,1.639,2.262,0.954,1.915,1.959,1.455,0.211,0,0,0,1,1
84,0,10,L,FALSE,2.915,1.449,1.496,1.187,2.96,1.408,2.211,2.579,2.282,2.04,0.554,2.267,2.359,2.453,0.056,0,0,0,0,1
85,11,11,L,TRUE,2.164,2.844,2.966,1.792,1.993,0.832,2.113,2.343,1.857,1.986,1.141,0.275,0.291,2.076,2.157,0,1,1,0,0
86,12,12,L,TRUE,3.002,2.861,1.986,1.957,2.682,1.423,2.04,2.026,2.182,2.151,0.394,0.38,2.142,2.346,0.245,1,1,0,0,1
87,0,13,L,FALSE,2.283,3.032,1.92,2.081,2.074,0.938,2.157,1.88,1.845,2.225,1.022,0.436,2.08,2.191,2.306,0,1,0,0,0
88,14,14,L,TRUE,1.97,2.932,3.031,3.016,1.31,0.455,2.188,2.308,2.299,1.593,1.357,0.227,0.127,0.174,1.886,0,1,1,1,0
1,1,1,R,TRUE,2.329,1.089,0.881,0.987,1.321,1.409,1.055,0.837,0.946,1.339,0.875,2.213,2.415,2.419,2.321,0,0,0,0,0
2,2,2,R,TRUE,2.791,1.542,1.537,1.517,2.707,1.93,1.479,1.228,1.216,1.649,0.281,2.53,2.376,2.468,2.004,1,0,0,0,0
3,3,3,R,TRUE,2.74,2.79,1.854,1.688,2.199,1.976,2.19,1.429,1.255,1.533,0.256,0.271,2.02,2.158,2.083,1,1,0,0,0
4,0,4,R,FALSE,2.775,3.064,3.002,1.979,2.23,1.876,2.166,2.318,2.188,2.141,0.168,0.103,0.135,2.384,2.321,1,1,1,0,0
5,5,5,R,TRUE,3.049,3.027,3.048,2.942,2.13,1.787,2.219,2.369,2.059,1.902,0.26,0.168,0.066,0.364,1.599,1,1,1,1,0
6,6,6,R,TRUE,3.055,3.061,3.038,3.108,3.074,1.994,2.219,2.322,2.352,2.335,0.154,0.137,0.029,0.053,0.099,1,1,1,1,1
7,7,7,R,TRUE,1.553,3.08,3.073,3.043,2.992,0.734,2.216,2.293,2.42,2.401,1.619,0.215,0.104,0.097,0.164,0,1,1,1,1
8,8,8,R,TRUE,2.353,1.358,2.895,2.898,2.74,0.888,2.224,2.286,2.214,2.139,0.953,2.339,0.491,0.261,0.245,0,0,1,1,1
9,9,9,R,TRUE,2.455,1.181,1.427,2.527,2.847,0.856,1.88,1.764,1.751,2.128,0.874,2.321,2.074,0.577,0.244,0,0,0,1,1
10,10,10,R,TRUE,2.411,1.582,1.469,1.125,2.68,0.957,1.841,1.796,1.488,2.099,0.984,2.296,2.385,2.399,0.321,0,0,0,0,1
11,0,11,R,FALSE,1.973,3.04,2.885,2.021,2.169,0.607,2.186,2.349,1.905,2.064,1.284,0.241,0.175,2.208,2.127,0,1,1,0,0
12,12,12,R,TRUE,2.832,2.867,2.085,2.123,2.491,1.86,2.134,1.813,1.797,1.661,0.121,0.391,2.199,2.069,0.247,1,1,0,0,1
13,13,13,R,TRUE,2.273,2.898,2.023,1.96,2.701,1.063,2.131,1.514,1.378,1.651,0.95,0.305,2.177,2.31,2.086,0,1,0,0,0
14,7,14,R,FALSE,1.649,3.072,3.119,3.037,2.163,0.577,2.293,2.331,2.585,2.349,1.519,0.282,0.1,0.143,1.828,0,1,1,1,0
15,1,1,R,TRUE,1.964,1.205,0.997,0.908,1.487,0.979,1.396,1.08,1.266,1.742,1.261,2.474,2.624,2.929,2.592,0,0,0,0,0
16,2,2,R,TRUE,2.794,1.621,1.569,1.537,2.807,1.925,1.422,1.189,1.194,1.675,0.239,2.6,2.429,2.506,1.948,1,0,0,0,0
17,4,3,R,FALSE,2.799,2.79,2.307,2.196,2.576,2.113,2.083,1.52,1.371,1.65,0.187,0.112,1.979,2.135,2.007,1,1,0,0,0
18,4,4,R,TRUE,2.817,2.941,2.867,2.195,2.432,1.925,2.091,2.184,1.672,1.833,0.185,0.079,0.303,2.107,2.07,1,1,1,0,0
19,6,5,R,FALSE,2.946,3.033,3.057,3.01,2.926,1.817,2.172,2.382,2.154,1.95,0.084,0.079,0.087,0.213,0.493,1,1,1,1,0
20,6,6,R,TRUE,3,3.035,3.116,3.091,3.07,2.043,2.247,2.332,2.343,2.323,0.099,0.063,0.053,0.153,0.183,1,1,1,1,1
21,7,7,R,TRUE,1.571,3.045,3.093,3.057,2.991,0.647,2.161,2.307,2.459,2.36,1.618,0.167,0.09,0.037,0.197,0,1,1,1,1
22,8,8,R,TRUE,2.327,1.556,2.821,2.922,2.842,1.021,2.279,2.248,2.251,2.149,0.955,1.953,0.481,0.238,0.255,0,0,1,1,1
23,9,9,R,TRUE,2.312,1.685,1.599,2.471,2.886,0.757,2.392,2,1.576,2.382,1.067,2.225,2.192,0.572,0.22,0,0,0,1,1
24,0,10,R,FALSE,2.303,1.823,1.582,1.192,2.661,0.854,2.103,1.897,1.566,1.787,1.086,2.232,2.36,2.286,0.29,0,0,0,0,1
25,11,11,R,TRUE,1.805,2.908,2.66,1.991,2.228,0.659,2.165,2.27,1.732,1.855,1.416,0.242,0.259,2.25,2.234,0,1,1,0,0
26,0,12,R,FALSE,2.899,2.804,2.161,2.349,2.133,2.005,2.113,1.727,1.695,1.455,0.024,0.261,2.116,2.007,1.28,1,1,0,0,1
27,11,13,R,FALSE,2.087,2.862,2.227,2.077,2.712,0.997,2.093,1.567,1.399,1.588,1.124,0.254,2.128,2.304,2.049,0,1,0,0,0
28,7,14,R,FALSE,1.695,3.105,3.127,3.002,2.329,0.682,2.338,2.369,2.422,2.287,1.437,0.231,0.091,0.283,1.67,0,1,1,1,0
29,1,1,R,TRUE,2.069,1.724,1.563,1.463,2.019,1.055,1.494,1.185,1.184,1.376,1.079,2.294,2.197,2.386,2.112,0,0,0,0,0
30,2,2,R,TRUE,2.872,1.619,1.512,1.545,2.72,1.881,1.24,1.09,1.112,1.608,0.209,2.597,2.35,2.415,1.826,1,0,0,0,0
31,3,3,R,TRUE,2.805,2.652,2.193,1.948,2.459,2.079,2.099,1.41,1.267,1.476,0.167,0.125,1.998,2.162,2.009,1,1,0,0,0
32,5,4,R,FALSE,2.909,2.914,2.927,2.278,2.277,1.901,2.081,2.103,1.685,1.856,0.079,0.073,0.413,1.901,1.86,1,1,1,0,0
33,5,5,R,TRUE,2.907,3.009,2.875,2.438,2.29,1.995,2.161,2.13,2.111,1.991,0.117,0.387,0.709,1.813,1.848,1,1,1,1,0
34,6,6,R,TRUE,3.028,3.024,3.131,3.042,3.062,2.098,2.215,2.285,2.29,2.299,0.1,0.016,0.088,0.214,0.229,1,1,1,1,1
35,7,7,R,TRUE,1.68,3.034,3.006,3.015,3.058,0.875,2.215,2.294,2.357,2.391,1.483,0.077,0.027,0.1,0.338,0,1,1,1,1
36,7,8,R,FALSE,2.33,1.804,2.685,2.841,2.866,1.038,2.499,2.159,2.143,2.128,0.946,1.889,0.564,0.246,0.222,0,0,1,1,1
37,0,9,R,FALSE,2.272,1.788,1.629,2.382,2.83,0.751,2.489,2.085,1.393,2.36,1.124,2.15,2.247,0.543,0.299,0,0,0,1,1
38,0,10,R,FALSE,2.154,2.08,1.848,1.65,3.038,0.844,2.162,1.908,1.895,1.864,1.186,2.279,2.365,2.19,0.248,0,0,0,0,1
39,11,11,R,TRUE,1.711,2.898,2.622,1.933,2.185,0.677,2.12,2.242,1.664,1.8,1.485,0.293,0.293,2.261,2.264,0,1,1,0,0
40,5,12,R,FALSE,2.826,2.869,2.485,2.493,2.323,2.059,1.982,1.731,1.622,1.715,0.105,0.373,2.047,2.063,1.652,1,1,0,0,1
41,13,13,R,TRUE,2.12,2.78,1.798,1.744,2.471,1.033,2.086,1.307,1.253,1.401,1.092,0.258,2.224,2.379,2.078,0,1,0,0,0
42,14,14,L,TRUE,1.821,2.999,3.035,2.876,2.242,0.697,2.228,2.492,1.997,1.926,1.477,0.039,0.039,0.323,1.595,0,1,1,1,0
43,1,1,L,TRUE,2.282,1.551,1.723,1.567,2.209,1.387,1.591,1.237,1.188,1.467,0.937,2.694,2.295,2.48,2.386,0,0,0,0,0
44,3,2,L,FALSE,2.873,1.738,1.862,1.922,2.719,2.044,1.644,1.29,1.386,1.998,0.11,2.534,2.155,2.202,1.909,1,0,0,0,0
45,4,3,L,FALSE,2.714,2.881,2.616,2.195,2.629,2.039,2.252,1.577,1.3,1.801,0.27,0.332,1.84,2.044,2.119,1,1,0,0,0
46,0,4,L,FALSE,2.777,2.954,2.925,2.1,2.483,2.035,2.303,2.274,2.042,2.444,0.17,0.138,0.273,2.153,2.282,1,1,1,0,0
47,6,5,L,FALSE,3.059,2.971,2.973,3.126,2.277,1.998,2.172,2.249,2.325,2.084,0.26,0.072,0.114,0.396,1.297,1,1,1,1,0
48,6,6,L,TRUE,2.947,2.952,3.022,3.064,3.051,2.117,2.193,2.246,2.374,2.439,0.101,0.254,0.166,0.104,0.148,1,1,1,1,1
49,7,7,L,TRUE,1.996,3.007,3.102,3.019,3.065,0.833,2.257,2.286,2.518,2.42,1.279,0.081,0.106,0.067,0.101,0,1,1,1,1
50,8,8,L,TRUE,2.448,1.635,2.771,2.919,2.953,0.981,1.929,2.267,2.252,2.282,0.951,1.891,0.395,0.197,0.104,0,0,1,1,1
51,0,9,L,FALSE,2.481,1.909,1.734,2.29,2.897,1.065,2.01,1.948,1.402,2.284,0.85,1.997,2.091,0.97,0.125,0,0,0,1,1
52,0,10,L,FALSE,2.866,1.678,1.786,1.803,2.877,1.426,2.078,2.042,2.11,1.836,0.369,2.303,2.435,2.325,0.284,0,0,0,0,1
53,0,11,L,FALSE,1.825,2.91,2.912,1.987,2.091,0.814,2.15,2.361,2.03,2.533,1.37,0.039,0.117,2.241,2.386,0,1,1,0,0
54,12,12,L,TRUE,2.784,2.682,1.967,2.003,2.738,1.988,2.189,1.849,1.863,1.995,0.145,0.215,2.311,2.15,0.299,1,1,0,0,1
55,13,13,L,TRUE,2.09,2.879,2.178,2.186,2.455,1.097,2.301,1.661,1.556,1.826,1.106,0.244,2.07,2.209,2.242,0,1,0,0,0
56,14,14,L,TRUE,1.7,3.006,3.125,2.888,1.769,0.763,2.162,2.271,2.423,2.344,1.569,0.103,0.087,0.199,2.088,0,1,1,1,0
57,1,1,L,TRUE,2.125,1.485,1.776,1.599,2.166,1.297,1.496,1.24,1.205,1.59,1.061,2.423,2.194,2.426,2.495,0,0,0,0,0
58,12,2,L,FALSE,2.805,1.921,1.937,1.898,2.622,2.037,1.505,1.314,1.392,2.064,0.161,2.175,2.11,2.185,1.894,1,0,0,0,0
59,4,3,L,FALSE,2.654,3.006,2.358,2.25,2.623,1.948,1.975,1.605,1.418,1.923,0.348,0.356,1.874,1.986,2.065,1,1,0,0,0
60,0,4,L,FALSE,2.756,2.965,2.925,2.143,2.419,2.012,2.22,2.151,1.841,2.247,0.213,0.141,0.276,2.041,2.162,1,1,1,0,0
61,6,5,L,FALSE,2.946,3.012,2.932,3.077,2.069,2.038,2.145,2.204,2.223,2.034,0.166,0.091,0.074,0.377,1.497,1,1,1,1,0
62,6,6,L,TRUE,3.067,2.951,3.027,3.086,3.089,1.997,2.154,2.172,2.318,2.294,0.155,0.111,0.066,0.069,0.138,1,1,1,1,1
63,7,7,L,TRUE,1.857,2.988,3.09,3.056,3.053,0.825,2.152,2.273,2.431,2.31,1.379,0.085,0.077,0.078,0.148,0,1,1,1,1
64,8,8,L,TRUE,2.412,1.591,2.876,2.945,2.967,1.137,1.823,2.245,2.271,2.268,0.965,1.845,0.358,0.181,0.095,0,0,1,1,1
65,0,9,L,FALSE,2.396,1.725,1.488,1.919,3.045,0.837,1.986,2.089,1.303,2.224,1.056,2.076,2.304,0.965,0.075,0,0,0,1,1
66,0,10,L,FALSE,2.512,2.246,2.028,1.934,2.803,1.134,2.435,2.299,2.173,2.039,0.933,2.359,2.471,2.296,0.411,0,0,0,0,1
67,0,11,L,FALSE,1.765,2.948,2.923,2.018,2.207,0.833,2.149,2.348,1.936,2.351,1.42,0.028,0.174,2.261,2.374,0,1,1,0,0
68,12,12,L,TRUE,2.733,2.886,1.753,1.753,2.909,1.934,2.138,1.757,1.759,1.622,0.201,0.245,2.127,2.033,0.357,1,1,0,0,1
69,13,13,L,TRUE,2.063,2.836,2.042,2.141,2.563,1.02,2.3,1.654,1.567,1.875,1.128,0.239,1.962,2.108,2.147,0,1,0,0,0
70,7,14,L,FALSE,1.83,3.03,3.074,2.847,2.043,0.811,2.147,2.324,2.491,2.284,1.393,0.168,0.077,0.232,1.94,0,1,1,1,0
71,1,1,L,TRUE,2.212,1.691,1.861,1.589,2.247,1.237,1.524,1.29,1.192,1.42,1.011,2.387,2.209,2.462,2.415,0,0,0,0,0
72,3,2,L,FALSE,2.648,1.876,2.001,1.855,2.47,2.059,1.697,1.464,1.422,1.925,0.392,2.145,2.144,2.199,1.885,1,0,0,0,0
73,4,3,L,FALSE,2.518,2.975,2.207,2.054,2.352,1.981,2.155,1.698,1.436,1.761,0.451,0.367,1.979,2.146,2.173,1,1,0,0,0
74,0,4,L,FALSE,2.88,2.99,2.93,2.143,2.278,2.043,2.197,2.233,2.006,2.39,0.078,0.153,0.253,2.083,2.23,1,1,1,0,0
75,6,5,L,FALSE,3.033,3.007,2.893,3.046,2.257,1.908,2.068,2.189,2.214,2.099,0.211,0.146,0.048,0.409,1.524,1,1,1,1,0
76,6,6,L,TRUE,3.069,2.947,3.029,3.08,3.082,2.001,2.171,2.159,2.304,2.286,0.224,0.131,0.083,0.076,0.144,1,1,1,1,1
77,7,7,L,TRUE,1.878,2.998,3.103,3.045,3.004,0.763,2.163,2.245,2.388,2.289,1.34,0.074,0.073,0.086,0.213,0,1,1,1,1
78,7,8,L,FALSE,2.478,1.775,2.664,2.823,2.879,1.024,1.882,2.422,2.274,2.404,0.946,1.789,0.625,0.313,0.139,0,0,1,1,1
79,0,9,L,FALSE,2.428,1.711,1.45,1.72,2.83,0.845,1.57,1.975,1.394,2.178,1.015,1.723,2.216,1.205,0.29,0,0,0,1,1
80,0,10,L,FALSE,2.663,1.978,1.681,1.641,2.835,1.23,2.287,2.079,2.11,2.084,0.901,2.224,2.36,2.293,0.483,0,0,0,0,1
81,0,11,L,FALSE,2.073,2.887,2.861,1.989,2.163,1.012,2.042,2.267,1.826,2.136,1.144,0.229,0.233,2.093,2.149,0,1,1,0,0
82,12,12,L,TRUE,2.69,2.867,1.679,1.815,2.899,1.853,2.267,1.721,1.781,1.796,0.267,0.247,2.204,2.037,0.33,1,1,0,0,1
83,13,13,L,TRUE,2.267,2.821,2.096,2.114,2.392,1.156,2.293,1.643,1.592,1.998,0.928,0.238,2.009,2.104,2.099,0,1,0,0,0
84,7,14,L,FALSE,1.864,3.073,3.107,2.823,2.361,0.833,2.17,2.405,2.467,2.255,1.434,0.144,0.078,0.25,1.916,0,1,1,1,0
1,1,1,R,TRUE,1.788,0.505,0.526,0.57,0.734,1.222,0.53,0.502,0.543,0.722,1.397,2.367,2.118,2.104,1.912,0,0,0,0,0
2,0,2,R,FALSE,2.714,1.172,1.373,1.38,2.528,2.098,1.51,1.208,1.296,2.005,0.331,2.659,2.343,2.463,1.992,1,0,0,0,0
3,3,3,R,TRUE,2.705,2.89,1.831,1.781,2.208,2.026,2.24,1.446,1.358,1.653,0.26,0.309,2.118,2.208,2.116,1,1,0,0,0
4,4,4,R,TRUE,2.777,3.056,2.944,1.552,1.827,1.92,2.164,2.161,1.699,1.724,0.188,0.086,0.125,2.269,2.24,1,1,1,0,0
5,6,5,R,FALSE,3.047,3.048,3.056,2.368,2.289,1.96,2.177,2.425,1.876,2.193,0.317,0.172,0.113,0.802,1.845,1,1,1,1,0
6,6,6,R,TRUE,2.97,3.001,3.092,3.109,3.11,2.014,2.21,2.396,2.424,2.315,0.044,0.048,0.129,0.21,0.325,1,1,1,1,1
7,7,7,R,TRUE,1.653,3.078,3.083,3.033,3.054,0.827,2.242,2.284,2.38,2.315,1.494,0.153,0.074,0.066,0.194,0,1,1,1,1
8,7,8,R,FALSE,2.164,1.897,2.915,2.907,2.786,1.254,2.467,2.247,2.126,2.076,0.997,1.853,0.399,0.156,0.202,0,0,1,1,1
9,10,9,R,FALSE,2.025,1.462,1.5,1.122,2.82,0.734,1.839,1.649,0.903,1.792,1.299,2.214,2.18,1.05,0.309,0,0,0,1,1
10,1,10,R,FALSE,2.089,1.475,1.348,1.461,1.926,0.859,1.596,1.69,1.89,1.263,1.278,2.034,2.244,2.272,0.811,0,0,0,0,1
11,11,11,L,TRUE,1.895,3.011,2.942,1.949,2.011,1.111,2.155,2.573,1.865,1.908,1.275,0.026,0.071,2.097,2.127,0,1,1,0,0
12,12,12,R,TRUE,2.962,3.031,1.843,2.048,2.659,1.911,2.276,1.913,1.947,1.392,0.16,0.311,2.32,2.145,0.626,1,1,0,0,1
13,13,13,R,TRUE,1.843,2.841,1.942,1.861,2.422,0.867,2.02,1.525,1.394,1.713,1.348,0.232,2.12,2.252,2.06,0,1,0,0,0
14,7,14,R,FALSE,1.968,3.135,3.071,2.963,2.126,1.252,2.284,2.388,2.535,2.253,1.3,0.122,0.068,0.272,1.752,0,1,1,1,0
15,1,1,R,TRUE,1.839,1.071,1.06,1.221,1.757,1.246,1.109,1.011,1.157,1.501,1.272,2.431,2.517,2.467,2.274,0,0,0,0,0
16,2,2,R,TRUE,2.833,1.636,1.564,1.506,2.621,2.027,1.302,1.173,1.177,1.559,0.211,2.304,2.338,2.471,2.052,1,0,0,0,0
17,4,3,R,FALSE,2.775,2.933,2.488,2.342,2.147,2.406,2.207,1.573,1.342,1.509,0.085,0.269,1.891,1.954,2.005,1,1,0,0,0
18,4,4,R,TRUE,2.838,3.065,3.034,1.815,1.846,2.118,2.153,2.324,1.894,1.919,0.104,0.132,0.206,2.135,2.125,1,1,1,0,0
19,6,5,R,FALSE,2.965,3.092,3.059,2.828,2.463,2.004,2.226,2.404,2.291,2.382,0.521,0.162,0.121,0.687,2.021,1,1,1,1,0
20,6,6,R,TRUE,3.007,2.988,3.063,3.073,3.071,2.159,2.207,2.387,2.404,2.297,0.105,0.076,0.146,0.196,0.301,1,1,1,1,1
21,7,7,R,TRUE,1.671,3.105,3.096,3.125,3.061,0.957,2.216,2.258,2.35,2.248,1.468,0.119,0.121,0.106,0.189,0,1,1,1,1
22,8,8,R,TRUE,2.414,1.599,2.931,3.038,2.984,1.683,2.012,2.322,2.291,2.23,0.763,1.68,0.169,0.048,0.147,0,0,1,1,1
23,9,9,R,TRUE,2.162,1.332,1.417,2.911,2.836,1.26,1.359,1.294,1.452,2.218,1.141,1.738,1.773,0.515,0.185,0,0,0,1,1
24,10,10,R,TRUE,2.206,0.808,1.097,1.356,2.549,1.118,0.856,1.235,1.596,1.461,1.026,1.918,2.134,2.275,0.268,0,0,0,0,1
25,11,11,R,TRUE,1.842,2.97,2.888,1.812,1.919,0.786,2.193,2.313,1.81,1.962,1.361,0.139,0.18,2.016,1.938,0,1,1,0,0
26,12,12,R,TRUE,3.053,3.036,1.732,1.932,2.534,1.861,2.183,1.875,1.975,1.344,0.268,0.296,2.329,2.208,0.783,1,1,0,0,1
27,13,13,R,TRUE,1.87,2.861,1.904,1.856,2.25,0.868,2.07,1.533,1.378,1.615,1.336,0.193,2.169,2.176,1.994,0,1,0,0,0
28,0,14,R,FALSE,2.928,3.078,3.059,2.156,2.088,2.042,2.153,2.362,2.133,2.274,0.094,0.029,0.232,2.085,2.176,0,1,1,1,0
29,14,14,R,TRUE,1.991,3.106,3.109,2.997,1.433,0.521,2.357,2.327,2.402,1.815,1.308,0.134,0.047,0.021,1.802,0,1,1,1,0
30,1,1,R,TRUE,2.153,1.012,0.998,1.087,1.389,1.138,1.125,1.089,1.177,1.395,1.009,2.529,2.717,2.682,2.451,0,0,0,0,0
31,2,2,R,TRUE,2.753,1.307,1.434,1.472,2.472,1.991,1.386,1.215,1.307,1.826,0.286,2.547,2.453,2.556,2.004,1,0,0,0,0
32,3,3,R,TRUE,2.844,2.87,2.174,2.152,2.266,1.94,2.241,1.578,1.423,1.607,0.166,0.258,2.027,2.092,2.033,1,1,0,0,0
33,4,4,R,TRUE,2.872,3.047,2.979,1.612,1.716,1.8,2.181,2.226,1.803,1.877,0.079,0.093,0.132,2.226,2.194,1,1,1,0,0
34,6,5,R,FALSE,3.112,3.11,3.058,2.489,2.191,1.718,2.133,2.45,1.785,2.143,0.297,0.156,0.099,0.667,1.776,1,1,1,1,0
35,6,6,R,TRUE,2.922,3.03,3.049,3.089,3.049,1.911,2.198,2.382,2.481,2.362,0.057,0.082,0.081,0.183,0.472,1,1,1,1,1
36,7,7,R,TRUE,1.362,3.085,3.07,2.979,2.933,0.497,2.233,2.302,2.42,2.252,1.836,0.202,0.09,0.079,0.257,0,1,1,1,1
37,7,8,R,FALSE,2.044,1.719,2.795,2.725,2.654,0.977,2.145,2.471,2.294,2.254,1.224,1.87,0.577,0.363,0.299,0,0,1,1,1
38,9,9,R,TRUE,2.233,1.209,1.578,2.323,2.792,0.855,1.511,1.747,1.526,2.19,1.135,2.072,1.939,0.73,0.439,0,0,0,1,1
39,10,10,R,TRUE,2.216,1.448,1.429,1.247,2.138,0.962,1.492,1.68,1.681,1.498,1.146,2.08,2.31,2.422,0.804,0,0,0,0,1
40,11,11,R,TRUE,1.688,2.872,2.807,1.724,1.933,0.724,2.153,2.217,1.667,1.891,1.482,0.219,0.094,2.163,2.078,0,1,1,0,0
41,12,12,R,TRUE,3.021,2.978,1.542,1.565,2.684,1.581,2.058,1.857,1.882,1.969,0.162,0.367,2.401,2.265,0.477,1,1,0,0,1
42,13,13,R,TRUE,1.847,2.905,1.847,2.059,2.755,1.027,2.055,1.588,1.524,1.881,1.317,0.178,2.323,2.217,1.914,0,1,0,0,0
43,7,14,R,FALSE,1.795,3.063,3.097,2.972,2.117,0.824,2.298,2.363,2.535,2.26,1.351,0.128,0.081,0.24,1.612,0,1,1,1,0
44,1,1,L,TRUE,2.206,1.214,1.301,1.221,1.411,0.991,1.263,1.117,1.002,1.065,1.144,2.549,2.468,2.531,2.506,0,0,0,0,0
45,2,2,L,TRUE,2.718,1.698,1.723,1.369,2.711,1.866,1.377,1.166,1.044,1.334,0.404,2.12,2.005,2.25,2.001,1,0,0,0,0
46,13,3,L,FALSE,2.462,2.508,1.707,1.13,1.415,1.141,2.154,1.118,0.926,1.045,0.821,0.316,2.177,2.593,2.604,1,1,0,0,0
47,4,4,L,TRUE,3.022,2.879,2.475,1.858,2.632,1.906,2.162,1.737,1.21,1.374,0.119,0.128,0.333,1.989,2.122,1,1,1,0,0
48,14,5,L,FALSE,2.319,3.083,3.053,2.798,2.117,1.423,2.173,2.088,1.705,1.923,0.727,0.294,0.151,0.633,1.653,1,1,1,1,0
49,6,6,L,TRUE,2.52,2.96,3.005,3.027,3.105,1.955,2.21,2.224,2.55,2.25,0.458,0.127,0.216,0.376,0.74,1,1,1,1,1
50,7,7,L,TRUE,1.539,3.04,3.129,2.955,2.915,0.645,2.221,2.311,2.514,2.299,1.594,0.048,0.091,0.109,0.451,0,1,1,1,1
51,8,8,L,TRUE,2.347,0.979,3.067,2.931,2.984,0.937,1.869,2.27,2.357,2.136,0.894,2.455,0.175,0.08,0.336,0,0,1,1,1
52,10,9,L,FALSE,2.323,1.468,1.507,1.923,2.884,0.957,1.704,1.717,1.387,2.286,0.964,2.008,1.962,1.067,0.192,0,0,0,1,1
53,10,10,L,TRUE,2.046,0.967,0.927,1.111,2.826,1.002,1.221,1.131,1.463,2.155,1.155,2.408,2.49,2.423,0.405,0,0,0,0,1
54,11,11,L,TRUE,1.852,2.859,2.755,1.749,2.139,0.893,2.077,2.242,1.467,1.615,1.334,0.113,0.157,2.151,2.326,0,1,1,0,0
55,12,12,L,TRUE,3.047,2.989,1.629,1.66,2.302,1.741,2.243,1.741,1.736,1.397,0.161,0.225,2.203,2.225,0.911,1,1,0,0,1
56,13,13,L,TRUE,1.79,2.863,1.897,1.632,2.011,0.969,2.362,1.347,1.236,1.588,1.44,0.165,2.203,2.37,2.554,0,1,0,0,0
57,14,14,L,TRUE,1.964,3.1,3.04,2.519,1.936,1.021,2.226,2.363,1.335,1.877,1.369,0.198,0.265,0.952,1.883,0,1,1,1,0
58,1,1,L,TRUE,2.656,1.363,1.486,1.309,1.427,1.451,1.44,1.591,1.397,1.478,0.62,1.533,1.719,1.779,1.762,0,0,0,0,0
59,3,2,L,FALSE,2.732,1.963,2.021,1.71,2.789,1.963,1.564,1.303,1.224,1.541,0.359,1.981,1.939,2.163,1.904,1,0,0,0,0
60,3,3,L,TRUE,2.794,2.907,1.989,0.971,1.511,1.949,1.743,1.099,0.825,1.069,0.4,0.553,1.902,2.387,2.397,1,1,0,0,0
61,0,4,L,FALSE,3.016,2.844,2.75,1.931,2.21,2,2.056,1.935,1.748,2.01,0.146,0.179,0.556,1.942,2.243,1,1,1,0,0
62,14,5,L,FALSE,2.397,3.102,3.071,2.914,2.196,1.443,2.165,2.084,1.775,1.788,0.665,0.223,0.141,0.534,1.609,1,1,1,1,0
63,7,6,R,FALSE,2.395,3.102,3.066,3.025,2.984,0.848,2.245,2.363,2.367,2.414,1.041,0.15,0.324,0.414,0.513,1,1,1,1,1
64,7,7,L,TRUE,1.676,2.983,3.062,2.956,2.978,0.563,2.239,2.301,2.452,2.278,1.511,0.095,0.062,0.101,0.379,0,1,1,1,1
65,8,8,L,TRUE,2.458,1.23,3.013,2.906,2.975,1.003,1.702,2.414,2.412,2.104,0.778,2.186,0.271,0.124,0.289,0,0,1,1,1
66,9,9,L,TRUE,2.661,1.095,1.41,2.305,2.866,1.203,1.107,1.352,1.434,2.283,0.684,1.715,1.813,0.871,0.341,0,0,0,1,1
67,10,10,L,TRUE,2.054,0.731,0.811,0.933,2.912,0.829,0.948,1.029,1.235,2.2,1.203,2.321,2.431,2.322,0.417,0,0,0,0,1
68,11,11,L,TRUE,1.767,2.824,2.756,1.782,2.129,0.802,2.086,2.274,1.523,1.701,1.433,0.208,0.165,2.119,2.249,0,1,1,0,0
69,3,12,L,FALSE,3.013,2.923,1.54,1.606,1.947,1.702,2.217,1.71,1.719,1.296,0.298,0.249,2.24,2.198,0.948,1,1,0,0,1
70,13,13,L,TRUE,1.892,2.892,1.889,1.614,1.899,1.012,2.425,1.334,1.182,1.312,1.395,0.222,2.344,2.496,2.586,0,1,0,0,0
71,7,14,L,FALSE,1.985,3.052,3.075,2.8,2.035,0.635,2.135,2.12,1.657,1.711,1.224,0.208,0.01,0.197,1.34,0,1,1,1,0
73,1,1,L,TRUE,2.191,1.477,1.765,1.591,2.357,1.214,1.391,1.31,1.241,1.542,1.012,2.087,2.008,2.285,2.221,0,0,0,0,0
74,3,2,L,FALSE,2.747,1.896,2.215,1.947,2.651,2.102,1.525,1.376,1.288,1.531,0.283,2.038,1.933,2.14,2.061,1,0,0,0,0
75,1,3,R,FALSE,2.323,1.406,1.322,1.366,2.016,1.444,1.103,0.974,1.018,1.144,1.054,2.261,1.936,2.312,2.074,1,1,0,0,0
76,4,4,L,TRUE,2.671,2.995,2.728,1.583,2.537,1.99,2.214,2.05,1.312,1.723,0.32,0.203,0.303,2.155,2.237,1,1,1,0,0
77,14,5,L,FALSE,2.323,3.06,3.114,2.805,2.046,1.729,2.136,2.093,1.966,1.94,0.688,0.169,0.13,0.333,1.951,1,1,1,1,0
78,6,6,L,TRUE,2.607,3.029,3.089,3.047,3.03,2.23,2.232,2.29,2.443,2.332,0.335,0.067,0.037,0.103,0.298,1,1,1,1,1
79,7,7,L,TRUE,1.869,3.073,3.079,2.976,3.052,0.723,2.248,2.327,2.661,2.179,1.344,0.038,0.138,0.205,0.572,0,1,1,1,1
80,8,8,L,TRUE,2.114,1.305,2.927,2.871,2.934,1.047,1.664,2.432,2.472,2.355,1.104,2.042,0.208,0.099,0.274,0,0,1,1,1
81,9,9,L,TRUE,2.056,0.812,0.858,2.42,2.625,0.951,1.144,1.103,1.824,2.149,1.311,2.489,2.323,0.662,0.472,0,0,0,1,1
82,10,10,L,TRUE,2.039,0.896,0.904,1.103,2.673,0.962,1.049,0.932,1.18,1.97,1.17,2.275,2.219,2.228,0.417,0,0,0,0,1
83,0,11,L,FALSE,1.881,2.967,3.037,1.932,2.106,1.076,2.199,2.397,1.905,2.229,1.292,0.017,0.107,2.114,2.224,0,1,1,0,0
84,3,12,L,FALSE,3.012,2.935,1.909,1.845,1.64,1.741,2.303,1.834,1.637,1.472,0.269,0.253,2.308,2.296,1.746,1,1,0,0,1
85,13,13,L,TRUE,2.032,2.985,2.029,2.049,2.385,1.15,2.293,1.576,1.376,1.515,1.228,0.183,2.19,2.253,2.259,0,1,0,0,0
86,14,14,L,TRUE,1.952,2.904,2.96,2.603,1.74,0.621,2.188,2.26,1.932,1.657,1.449,0.099,0.056,0.28,1.744,0,1,1,1,0
1,1,1,R,TRUE,2.361,1.806,1.03,1.182,1.555,1.173,1.24,0.87,1.015,1.059,0.87,1.976,2.138,2.384,1.729,0,0,0,0,0
2,2,2,R,TRUE,2.996,1.125,0.924,0.974,1.572,1.862,0.913,0.803,0.836,1.079,0.311,2.353,2.333,2.486,1.365,1,0,0,0,0
3,2,3,R,FALSE,3.017,0.433,0.817,0.88,0.562,1.895,0.543,0.76,0.854,0.624,0.256,0.825,2.505,2.821,1.749,1,1,0,0,0
4,4,4,R,TRUE,2.949,2.792,2.815,1.673,1.814,1.795,2.175,2.321,1.084,1.169,0.3,0.311,0.155,0.661,0.717,1,1,1,0,0
5,6,5,R,FALSE,2.978,2.789,2.781,2.871,3.094,1.847,1.926,2.095,2.242,2.065,0.321,0.334,0.322,0.398,0.138,1,1,1,1,0
6,6,6,R,TRUE,3.039,2.794,2.703,2.835,2.845,1.851,2.031,2.207,2.376,2.052,0.281,0.299,0.376,0.405,0.3,1,1,1,1,1
7,7,7,R,TRUE,2.221,3.097,3.061,3.02,3.041,0.825,2.094,1.945,2.271,2.58,1.067,0.307,0.277,0.175,0.062,0,1,1,1,1
8,8,8,R,TRUE,2.404,0.815,2.619,2.776,2.856,1.133,0.805,1.524,1.898,2.341,0.836,1.586,0.319,0.233,0.159,0,0,1,1,1
9,4,9,R,FALSE,2.805,2.839,2.782,1.652,0.888,1.073,2.188,2.342,1.208,0.826,0.529,0.148,0.547,1.105,0.783,0,0,0,1,1
10,0,10,L,FALSE,2.741,1.751,1.498,1.419,2.76,1.16,1.589,1.438,1.481,1.934,0.612,2.124,2.058,1.997,0.054,0,0,0,0,1
11,11,11,R,TRUE,2.166,2.961,2.816,1.552,1.928,0.946,2.31,1.958,1.303,1.594,1.084,0.189,0.299,1.682,1.749,0,1,1,0,0
12,12,12,R,TRUE,3.01,2.216,1.811,1.593,2.74,1.99,1.704,1.095,1.183,2.059,0.303,0.328,1.32,1.492,0.122,1,1,0,0,1
13,13,13,R,TRUE,2.006,2.768,1.626,1.491,1.959,1.056,2.137,1.211,1.189,1.337,1.204,0.55,2.032,2.258,2.033,0,1,0,0,0
14,7,14,R,FALSE,1.955,3.026,3.05,2.99,2.873,0.805,2.158,2.395,2.187,1.991,1.226,0.108,0.22,0.265,0.375,0,1,1,1,0
15,1,1,R,TRUE,2.063,1.55,0.922,0.987,1.562,0.982,1.132,0.801,0.852,1.055,1.116,2.105,2.029,2.385,1.405,0,0,0,0,0
16,2,2,R,TRUE,3.028,0.936,0.806,0.798,1.769,1.805,0.813,0.736,0.733,1.109,0.282,2.314,2.215,2.303,1.252,1,0,0,0,0
17,3,3,R,TRUE,3.073,1.879,0.751,0.811,0.943,1.9,1.5,0.738,0.727,0.827,0.193,0.212,1.896,2.417,1.817,1,1,0,0,0
18,4,4,R,TRUE,2.975,2.907,2.677,1.383,1.65,1.81,2.085,2.055,1.162,1.435,0.228,0.188,0.48,2.092,2.148,1,1,1,0,0
19,6,5,R,FALSE,3.071,3.036,2.987,3.007,2.277,1.888,2.205,2.31,2.251,1.67,0.226,0.164,0.195,0.239,0.798,1,1,1,1,0
20,6,6,R,TRUE,3.05,2.96,3.037,3.103,2.977,1.917,2.095,2.304,2.41,2.236,0.157,0.15,0.226,0.253,0.351,1,1,1,1,1
21,7,7,R,TRUE,1.8,2.972,3.051,3.032,3.018,0.611,2.145,2.298,2.487,2.405,1.369,0.125,0.19,0.135,0.3,0,1,1,1,1
22,8,8,R,TRUE,1.97,1.632,3.024,3.039,3.036,0.878,1.285,2.389,2.632,2.252,1.319,1.078,0.126,0.162,0.339,0,0,1,1,1
23,0,9,R,FALSE,2.208,1.846,1.401,2.392,2.551,0.738,1.691,1.579,1.762,2.16,1.176,1.474,1.924,0.807,0.385,0,0,0,1,1
24,0,10,R,FALSE,2.705,1.984,1.917,1.541,2.784,1.119,1.9,1.819,1.688,2.066,0.663,2.058,2.101,2.116,0.145,0,0,0,0,1
25,11,11,R,TRUE,2.057,3,2.92,1.813,1.982,0.849,2.153,2.312,1.474,1.768,1.221,0.155,0.386,1.814,1.906,0,1,1,0,0
26,12,12,R,TRUE,2.985,2.189,1.624,1.268,2.666,1.998,1.655,1.025,0.967,1.902,0.317,0.447,1.14,1.251,0.07,1,1,0,0,1
27,13,13,R,TRUE,2.396,2.729,1.532,1.176,1.674,1.189,2.064,1.055,1.001,1.218,0.853,0.541,1.754,2.322,2.034,0,1,0,0,0
28,7,14,R,FALSE,1.932,2.997,2.914,3.061,2.94,0.766,2.107,2.287,2.286,2.035,1.237,0.12,0.282,0.28,0.242,0,1,1,1,0
29,1,1,R,TRUE,2.133,1.828,1.579,1.258,2.122,1.064,1.338,1.041,0.965,1.275,1.011,1.995,1.729,2.023,1.585,0,0,0,0,0
30,0,2,R,FALSE,3.021,1.266,0.997,1.116,2.264,1.863,0.994,0.847,0.901,1.331,0.274,2.439,2.13,2.251,1.399,1,0,0,0,0
31,3,3,R,TRUE,3.049,2.33,1.262,1.023,1.516,1.879,1.734,0.954,0.854,1.069,0.206,0.222,1.8,2.161,1.863,1,1,0,0,0
32,4,4,R,TRUE,2.992,2.904,2.745,1.584,1.848,1.836,2.118,2.161,1.332,1.617,0.221,0.157,0.465,2.133,2.271,1,1,1,0,0
33,6,5,R,FALSE,3.105,3.021,3.013,3.086,2.671,1.915,2.165,2.319,2.326,1.835,0.199,0.125,0.183,0.269,0.45,1,1,1,1,0
34,6,6,R,TRUE,3.035,2.912,3.025,3.076,3.04,1.968,2.065,2.304,2.366,2.368,0.186,0.143,0.237,0.274,0.34,1,1,1,1,1
35,7,7,R,TRUE,1.838,2.963,3.05,3.018,3.062,0.679,2.172,2.339,2.429,2.398,1.347,0.107,0.127,0.097,0.322,0,1,1,1,1
36,7,8,R,FALSE,2.243,1.86,3.027,3.051,2.946,1.055,1.603,2.095,2.371,2.203,1.022,1.274,0.302,0.115,0.448,0,0,1,1,1
37,9,9,R,TRUE,2.09,0.911,0.329,2.472,2.801,0.804,0.918,0.513,1.663,2.061,1.333,1.494,2.264,0.715,0.436,0,0,0,1,1
38,0,10,R,FALSE,2.638,1.853,1.838,1.468,2.726,1.133,1.847,1.744,1.606,1.976,0.781,2.162,2.168,2.164,0.138,0,0,0,0,1
39,11,11,R,TRUE,1.982,2.986,2.816,1.729,1.709,0.781,2.249,2.446,1.518,1.602,1.28,0.122,0.368,1.893,2.094,0,1,1,0,0
40,12,12,R,TRUE,2.979,2.379,1.437,1.262,2.54,1.859,1.627,1.092,1.053,1.936,0.294,0.477,1.843,1.87,0.211,1,1,0,0,1
41,13,13,R,TRUE,2.21,2.725,1.404,1.092,1.56,1.078,2.03,1.021,0.925,1.183,1.008,0.531,1.789,2.243,2.05,0,1,0,0,0
42,7,14,R,FALSE,1.799,3.021,2.991,3.093,2.798,0.771,2.168,2.388,2.342,1.858,1.349,0.146,0.237,0.343,0.492,0,1,1,1,0
43,1,1,L,TRUE,2.323,1.362,1.529,1.383,2.431,1.237,1.34,1.117,1.058,1.386,0.886,2.452,2.089,2.273,2.162,0,0,0,0,0
44,2,2,L,TRUE,3.093,1.653,1.482,1.563,2.571,1.901,1.402,1.033,1.07,1.559,0.127,2.609,2.102,2.102,1.744,1,0,0,0,0
45,3,3,L,TRUE,3.044,2.601,1.766,1.053,1.637,2.03,2.079,1.168,0.894,1.245,0.218,0.583,1.913,2.358,2.209,1,1,0,0,0
46,4,4,L,TRUE,3.056,2.986,2.381,1.252,1.693,1.755,2.128,1.801,0.985,1.113,0.256,0.193,0.334,2.208,2.255,1,1,1,0,0
47,6,5,L,FALSE,2.985,3.051,2.913,2.875,2.182,1.77,2.152,2.183,1.967,1.983,0.43,0.224,0.206,0.623,1.492,1,1,1,1,0
48,6,6,L,TRUE,3.016,3.008,3.045,3.129,3.054,1.881,2.187,2.24,2.392,2.222,0.316,0.228,0.178,0.078,0.266,1,1,1,1,1
49,7,7,L,TRUE,1.515,3.049,3.093,2.986,3.025,0.424,2.198,2.246,2.467,2.1,1.71,0.119,0.152,0.094,0.293,0,1,1,1,1
50,8,8,L,TRUE,2.248,1.523,3.012,3.021,2.911,1.01,1.855,2.125,2.308,2.246,1.006,1.841,0.193,0.047,0.306,0,0,1,1,1
51,0,9,L,FALSE,2.604,1.874,1.816,2.415,2.916,1.195,1.948,1.912,1.56,2.261,0.545,1.568,1.552,0.614,0.26,0,0,0,1,1
52,10,10,L,TRUE,2.62,1.631,1.721,1.559,2.966,1.107,2.16,2.124,1.823,2.015,0.679,2.153,2.106,1.951,0.058,0,0,0,0,1
53,11,11,L,TRUE,1.848,2.944,2.708,1.818,2.076,0.838,2.135,2.099,1.474,1.615,1.373,0.158,0.462,2.152,2.412,0,1,1,0,0
54,12,12,L,TRUE,3.068,1.885,1.627,1.684,2.812,2.062,1.556,1.261,1.365,2.108,0.237,0.345,2.291,2.177,0.219,1,1,0,0,1
55,13,13,L,TRUE,2.282,2.836,1.966,1.521,1.815,1.105,2.275,1.28,1.134,1.356,1,0.415,1.923,2.25,2.413,0,1,0,0,0
56,7,14,L,FALSE,2.019,2.812,2.673,2.792,2.353,0.901,2.023,1.967,2.055,2.038,1.2,0.182,0.316,0.374,1.115,0,1,1,1,0
57,1,1,L,TRUE,2.319,1.657,1.725,1.464,1.926,1.323,1.118,1.075,1.058,1.395,0.834,1.925,1.774,1.989,2,0,0,0,0,0
58,2,2,L,TRUE,3.022,1.301,1.06,1.01,1.847,1.896,1.128,0.911,0.847,1.216,0.28,2.627,2.478,2.262,1.404,1,0,0,0,0
59,2,3,L,FALSE,3.115,0.779,1.035,1.131,1.72,2.019,0.734,0.861,0.908,1.229,0.125,1.863,2.075,2.117,1.703,1,1,0,0,0
60,4,4,L,TRUE,3.05,2.906,2.63,1.91,2.008,1.852,2.01,1.343,1.411,1.648,0.21,0.142,0.698,1.783,2.026,1,1,1,0,0
61,6,5,L,FALSE,2.968,3.057,2.935,2.602,2.131,1.897,2.108,2.26,2.125,1.914,0.448,0.271,0.26,0.649,1.312,1,1,1,1,0
62,6,6,L,TRUE,3.068,2.968,3.038,3.117,3.007,1.94,2.152,2.249,2.404,2.279,0.243,0.269,0.188,0.046,0.229,1,1,1,1,1
63,7,7,L,TRUE,1.448,3.071,3.079,2.928,3.021,0.458,2.168,2.28,2.359,2.002,1.733,0.268,0.319,0.203,0.417,0,1,1,1,1
64,7,8,R,FALSE,2.31,1.978,2.901,2.905,2.746,1.137,1.795,2.347,2.273,1.883,0.921,1.254,0.391,0.092,0.148,0,0,1,1,1
65,7,9,R,FALSE,2.606,2.981,2.704,1.905,2.152,1.357,2.347,2.117,1.617,1.826,0.746,0.205,0.586,1.384,1.407,0,0,0,1,1
66,13,10,R,FALSE,2.166,2.895,2.139,2.132,2.145,0.991,2.473,1.788,1.832,1.937,1.12,0.273,1.739,1.87,1.865,0,0,0,0,1
67,0,11,L,FALSE,2.009,2.955,2.55,1.75,2.19,0.877,1.872,1.638,1.541,1.818,1.235,0.044,0.5,1.648,1.49,0,1,1,0,0
68,12,12,L,TRUE,3.072,2.5,1.76,1.77,2.791,1.945,1.248,1.267,1.303,2.228,0.157,1.073,2.097,1.907,0.25,1,1,0,0,1
69,13,13,L,TRUE,2.055,2.821,1.843,1.355,1.724,1.07,2.215,1.295,1.127,1.365,1.246,0.717,1.917,2.364,2.582,0,1,0,0,0
70,7,14,L,FALSE,1.9,2.973,2.918,3,2.061,0.905,2.118,2.323,2.095,1.782,1.316,0.299,0.323,0.291,1.249,0,1,1,1,0
71,1,1,L,TRUE,2.214,1.733,2.387,1.396,1.935,1.234,1.118,1.114,1.018,1.327,0.954,1.953,1.595,1.939,1.971,0,0,0,0,0
72,2,2,L,TRUE,3.026,1.252,0.976,0.864,1.82,1.825,1.062,0.838,0.79,1.237,0.308,2.608,2.397,2.085,1.307,1,0,0,0,0
73,2,3,L,FALSE,3.044,1.114,0.874,0.863,1.209,2.064,0.904,0.771,0.761,0.965,0.216,0.742,2.008,2.27,1.85,1,1,0,0,0
74,3,4,L,FALSE,3.051,2.901,2.119,1.87,1.815,1.907,2.076,1.494,1.491,1.626,0.245,0.206,0.843,1.366,1.462,1,1,1,0,0
75,6,5,L,FALSE,3.008,3.067,2.907,2.454,2.21,1.862,2.05,2.123,1.954,1.886,0.38,0.241,0.253,0.537,1.012,1,1,1,1,0
76,6,6,L,TRUE,3.068,2.959,3.021,3.116,3.068,1.96,2.095,2.215,2.439,2.403,0.263,0.286,0.244,0.094,0.148,1,1,1,1,1
77,7,7,L,TRUE,1.72,3.071,3.127,2.952,3.111,0.473,2.238,2.268,2.247,2.071,1.501,0.194,0.23,0.109,0.282,0,1,1,1,1
78,11,8,R,FALSE,2.171,3.003,2.817,1.462,1.758,0.804,2.24,2.263,1.187,1.416,1.195,0.084,0.197,1.429,1.511,0,0,1,1,1
79,11,9,R,FALSE,2.461,3.015,2.026,1.417,1.77,0.974,2.078,1.55,1.351,1.61,0.925,0.191,1.005,1.694,1.657,0,0,0,1,1
80,10,10,L,TRUE,2.514,1.391,1.141,1.127,2.031,0.424,1.031,0.95,1.101,1.636,0.729,1.837,2.113,2.457,0.418,0,0,0,0,1
81,11,11,L,TRUE,2.057,2.955,3.025,1.851,2.091,0.915,2.139,2.049,1.502,1.779,1.232,0.116,0.481,1.671,1.839,0,1,1,0,0
82,0,12,L,FALSE,3.002,1.713,1.387,1.455,2.988,2.009,1.234,1.125,1.127,2.465,0.28,1.978,2.357,2.09,0.522,1,1,0,0,1
83,13,13,L,TRUE,2.156,2.911,1.81,1.281,1.649,1.204,1.896,1.204,1.039,1.288,1.156,0.849,1.907,2.377,2.619,0,1,0,0,0
84,14,14,L,TRUE,1.973,2.963,2.938,2.965,2.245,0.816,2.111,2.339,1.98,1.895,1.345,0.231,0.308,0.523,1.542,0,1,1,1,0
