,FILENAME,real,LR,match,0,1,2,3,4,5,6,7,8,9,10,11,12,13,14,15,16,17,18,19,20,21,22,23,24,25,26,27,28,29,30,31,32,33,34,35,36,37,38,39,40,41,42,43,44,45,46,47,48,49,50,51,52,53,54,55,56,57,58,59,60,61,62
1,12,12,R,12,0.3595261573791504,0.5038344264030457,-6.372842472046614e-05,0.33772093057632446,0.4481382369995117,0.003407615702599287,0.3001862168312073,0.4130895137786865,0.00754090491682291,0.2624861001968384,0.3959309756755829,0.016406632959842682,0.23655974864959717,0.37968066334724426,0.0278463214635849,0.26236680150032043,0.4472097158432007,-0.029290296137332916,0.2078922986984253,0.4362785220146179,-0.0286539439111948,0.1803232878446579,0.43205758929252625,-0.018600162118673325,0.15883183479309082,0.42916253209114075,-0.010247667320072651,0.25761130452156067,0.482307106256485,-0.02287638559937477,0.1988394856452942,0.47761911153793335,-0.02739178203046322,0.16839446127414703,0.4728391766548157,-0.019711285829544067,0.1451633870601654,0.4695035219192505,-0.013195120729506016,0.25941795110702515,0.5120037794113159,-0.012547938153147697,0.20634718239307404,0.5102572441101074,-0.015786388888955116,0.17636968195438385,0.5052669644355774,-0.010607683099806309,0.1542164385318756,0.5005941390991211,-0.004945120774209499,0.26692065596580505,0.5363902449607849,-0.000129172665765509,0.22628599405288696,0.5434554219245911,-0.0014377905754372478,0.20371341705322266,0.5433200597763062,-0.0012913087848573923,0.1865089237689972,0.539862334728241,0.00045089214108884335
2,12,12,L,12,0.3476640284061432,0.4930152893066406,-3.974096034653485e-05,0.32318198680877686,0.4309487044811249,0.013184845447540283,0.2850360870361328,0.39422446489334106,0.019088367000222206,0.24920715391635895,0.3767816424369812,0.024557288736104965,0.22314471006393433,0.3630933165550232,0.029300175607204437,0.2446455955505371,0.42944926023483276,-0.0076616257429122925,0.19496116042137146,0.41832345724105835,-0.001648235716857016,0.16774079203605652,0.41418591141700745,0.007989929988980293,0.14608822762966156,0.4098995625972748,0.014754771254956722,0.24010050296783447,0.4637189507484436,-0.009758027270436287,0.18726041913032532,0.457592248916626,-0.00543722091242671,0.1577172577381134,0.4539017379283905,0.00020064797718077898,0.13391585648059845,0.4516294002532959,-0.0003741852124221623,0.24278214573860168,0.4935747981071472,-0.00884392112493515,0.19350680708885193,0.4916992485523224,-0.00461580092087388,0.16488349437713623,0.4880962073802948,0.00311293825507164,0.14241859316825867,0.4851906895637512,0.006171115208417177,0.2523382902145386,0.5194534063339233,-0.005397825967520475,0.21384428441524506,0.5227364301681519,-0.004058734979480505,0.1921522468328476,0.5235399603843689,-0.0010879816254600883,0.17242878675460815,0.5236050486564636,0.0002583939640317112
3,12,12,R,12,0.33382752537727356,0.488366961479187,-4.706814797827974e-05,0.3140864670276642,0.42909935116767883,0.015098907984793186,0.2796514630317688,0.3905147314071655,0.02310999482870102,0.2452257126569748,0.3699420094490051,0.03195555508136749,0.21782754361629486,0.35420462489128113,0.04204189404845238,0.23559296131134033,0.4232136905193329,-0.0025504021905362606,0.18498921394348145,0.41244766116142273,0.009150268509984016,0.15827247500419617,0.408843457698822,0.024113157764077187,0.13875344395637512,0.4067198634147644,0.036468926817178726,0.23127110302448273,0.4579337537288666,-0.00019210508617106825,0.17557597160339355,0.4525606334209442,0.009196816012263298,0.14713779091835022,0.4505453407764435,0.02382625825703144,0.12588942050933838,0.451070100069046,0.03402012959122658,0.23387102782726288,0.48828569054603577,0.006209046579897404,0.1847425401210785,0.48762601613998413,0.016553226858377457,0.15753085911273956,0.48557049036026,0.032103147357702255,0.13778430223464966,0.4849221110343933,0.042091984301805496,0.24180877208709717,0.5139313340187073,0.014547047205269337,0.20222102105617523,0.517997682094574,0.023877020925283432,0.1816941201686859,0.5174217224121094,0.03293108567595482,0.1651671826839447,0.5166097283363342,0.04031998664140701
4,12,12,R,12,0.3258322477340698,0.48515573143959045,-5.173113095224835e-05,0.3081890046596527,0.42735016345977783,0.013718599453568459,0.27456921339035034,0.3907211124897003,0.020939964801073074,0.23927877843379974,0.3714979887008667,0.030136458575725555,0.21152743697166443,0.3548359274864197,0.04119044542312622,0.23050053417682648,0.42287883162498474,-0.007685581222176552,0.17848318815231323,0.41009196639060974,0.0013995579211041331,0.15184199810028076,0.405487060546875,0.014792478643357754,0.1331145167350769,0.4033018946647644,0.026680801063776016,0.22588816285133362,0.45734307169914246,-0.002739434828981757,0.16956794261932373,0.45027849078178406,0.004341286141425371,0.14137956500053406,0.4470668137073517,0.020622672513127327,0.12107893079519272,0.44689682126045227,0.032352883368730545,0.2284463346004486,0.48758167028427124,0.005979777779430151,0.17881551384925842,0.4859743118286133,0.01371702365577221,0.15175718069076538,0.48337361216545105,0.02766593173146248,0.1321035474538803,0.48273271322250366,0.038274914026260376,0.2368912696838379,0.5123171806335449,0.016980905085802078,0.19782404601573944,0.5168184638023376,0.024560142308473587,0.17813973128795624,0.5160408020019531,0.032010167837142944,0.162673681974411,0.5156986713409424,0.03901182487607002
5,12,12,R,12,0.324872225522995,0.48531249165534973,-5.006203718949109e-05,0.3067053258419037,0.4259985089302063,0.011124586686491966,0.27289074659347534,0.3902823328971863,0.01617353968322277,0.23699398338794708,0.3727816045284271,0.02414647489786148,0.20894742012023926,0.35571303963661194,0.03361682966351509,0.22968733310699463,0.42405247688293457,-0.009698314592242241,0.17865929007530212,0.4118579030036926,-0.0018951266538351774,0.15136823058128357,0.4075377583503723,0.010077334940433502,0.13184098899364471,0.4061025381088257,0.020581036806106567,0.22531767189502716,0.4588894248008728,-0.004266521893441677,0.170243039727211,0.45232850313186646,0.0008369685965590179,0.14101070165634155,0.450348824262619,0.01573784649372101,0.119650699198246,0.4505525231361389,0.02617322839796543,0.22844630479812622,0.48910701274871826,0.004863901529461145,0.17938610911369324,0.48882848024368286,0.011139540933072567,0.1513758897781372,0.4870147407054901,0.0245040450245142,0.13120363652706146,0.4860975742340088,0.03497316688299179,0.2374786138534546,0.5135926604270935,0.01608346775174141,0.19872039556503296,0.5198459625244141,0.022811854258179665,0.17838889360427856,0.5198858380317688,0.03031671792268753,0.16298958659172058,0.5197282433509827,0.037229087203741074
6,12,12,R,12,0.32219037413597107,0.48526710271835327,-5.222032996243797e-05,0.3040514886379242,0.4256140887737274,0.014198392629623413,0.2709544897079468,0.3913217782974243,0.01981843076646328,0.23551496863365173,0.37454473972320557,0.02824719436466694,0.20763453841209412,0.35821372270584106,0.03847142681479454,0.22815601527690887,0.425144225358963,-0.011129772290587425,0.17554044723510742,0.4134434759616852,-0.00343113299459219,0.14751365780830383,0.4097259044647217,0.008905110880732536,0.1278429627418518,0.40972644090652466,0.020009366795420647,0.22440537810325623,0.4610208570957184,-0.0059120021760463715,0.16837725043296814,0.45485055446624756,-0.0017599508864805102,0.13879609107971191,0.4528570771217346,0.01384519413113594,0.11794345080852509,0.45339247584342957,0.02546326071023941,0.2280043661594391,0.4924810230731964,0.003261398756876588,0.17823351919651031,0.49197083711624146,0.009196658618748188,0.14965227246284485,0.49015623331069946,0.02246852032840252,0.12911930680274963,0.48920634388923645,0.03325864300131798,0.237136572599411,0.5179659128189087,0.015597417950630188,0.19772274792194366,0.5242695808410645,0.02223821170628071,0.17732450366020203,0.5240198969841003,0.03021317347884178,0.16180944442749023,0.5230591893196106,0.037750110030174255
7,12,12,R,12,0.32239601016044617,0.4881737232208252,-4.4909222197020426e-05,0.3045937418937683,0.42867839336395264,0.008760698139667511,0.2719134986400604,0.39459770917892456,0.010764120146632195,0.2357063740491867,0.376729816198349,0.016676537692546844,0.20594525337219238,0.3609603941440582,0.024169856682419777,0.22990848124027252,0.4305589199066162,-0.018534477800130844,0.17558661103248596,0.4199374318122864,-0.011494669131934643,0.1468251645565033,0.41663658618927,9.671316365711391e-05,0.12640473246574402,0.4163287878036499,0.01015726663172245,0.22590035200119019,0.46666616201400757,-0.010767333209514618,0.16854968667030334,0.46237409114837646,-0.0068640075623989105,0.13843168318271637,0.4610331654548645,0.009677261114120483,0.11775146424770355,0.4614970088005066,0.021960757672786713,0.2288561910390854,0.49796202778816223,0.0009066756465472281,0.17796459794044495,0.49865755438804626,0.0072077191434800625,0.1489882469177246,0.49651357531547546,0.021141065284609795,0.12885864078998566,0.4951598048210144,0.0326017327606678,0.23694096505641937,0.5229219198226929,0.0154403792694211,0.19666242599487305,0.5297614932060242,0.0227207038551569,0.1761397421360016,0.5295848250389099,0.031079746782779694,0.1610272377729416,0.5287956595420837,0.038630466908216476
8,12,12,R,12,0.32522016763687134,0.49002203345298767,-5.362023875932209e-05,0.3065806031227112,0.4312479794025421,0.0060350410640239716,0.2736765444278717,0.3974175751209259,0.006246321834623814,0.23671786487102509,0.3794645369052887,0.011347876861691475,0.20648735761642456,0.36487025022506714,0.01749209687113762,0.23465560376644135,0.4344564974308014,-0.026599977165460587,0.17909526824951172,0.42426159977912903,-0.023426424711942673,0.14956258237361908,0.42138388752937317,-0.014486582949757576,0.12842437624931335,0.42197784781455994,-0.006389617919921875,0.23075197637081146,0.4702167510986328,-0.018292967230081558,0.17181098461151123,0.4666289687156677,-0.017980951815843582,0.1405894160270691,0.4657306671142578,-0.003112443257123232,0.11927110701799393,0.466869980096817,0.008364859968423843,0.23365259170532227,0.5015423893928528,-0.006212790496647358,0.18102753162384033,0.5036083459854126,-0.003650679485872388,0.15199020504951477,0.5022158026695251,0.008628463372588158,0.1319544017314911,0.502270519733429,0.019641224294900894,0.24150687456130981,0.5265089273452759,0.008695662952959538,0.19997291266918182,0.5347668528556824,0.011979209259152412,0.17916984856128693,0.535474419593811,0.018260179087519646,0.1637060046195984,0.5352305173873901,0.024849355220794678
9,12,12,R,12,0.32828715443611145,0.491534024477005,-5.531605347641744e-05,0.310423880815506,0.4327682852745056,0.004231310915201902,0.2766605615615845,0.39994072914123535,0.0034225790295749903,0.23924438655376434,0.38247817754745483,0.007822326384484768,0.20872502028942108,0.3670749068260193,0.013221671804785728,0.23766234517097473,0.43806925415992737,-0.028800826519727707,0.18123731017112732,0.42880815267562866,-0.02575276605784893,0.1512092798948288,0.42551636695861816,-0.01645764149725437,0.13026195764541626,0.4258488714694977,-0.008131931535899639,0.2342911660671234,0.47408410906791687,-0.01938852295279503,0.17467650771141052,0.47003915905952454,-0.01941666007041931,0.14276428520679474,0.4686505198478699,-0.004608859308063984,0.12144537270069122,0.4697892665863037,0.007154387887567282,0.23782695829868317,0.5055891275405884,-0.0065962523221969604,0.1845094859600067,0.5076306462287903,-0.0042595164850354195,0.15448489785194397,0.5058974027633667,0.007511278614401817,0.13383781909942627,0.5058593153953552,0.018105825409293175,0.24621537327766418,0.5303941965103149,0.00917432177811861,0.20431971549987793,0.5390160083770752,0.011929076164960861,0.18324816226959229,0.5398514270782471,0.017716186121106148,0.1676490604877472,0.5397260785102844,0.02403916046023369
10,12,12,R,12,0.3341267704963684,0.4927375018596649,-5.428754593594931e-05,0.316446989774704,0.43397295475006104,0.0033975020051002502,0.2810676395893097,0.40207013487815857,0.0016367606585845351,0.24267610907554626,0.38600748777389526,0.005253838840872049,0.211587592959404,0.3713919222354889,0.00957653671503067,0.24310612678527832,0.4413794279098511,-0.03413756191730499,0.1856185644865036,0.43437349796295166,-0.032443322241306305,0.15505389869213104,0.43118634819984436,-0.024190010502934456,0.1336551308631897,0.4311731457710266,-0.016669824719429016,0.24024033546447754,0.4782382845878601,-0.024437591433525085,0.17932084202766418,0.476206511259079,-0.026108037680387497,0.14659413695335388,0.47480306029319763,-0.01189559604972601,0.12489303946495056,0.4753109812736511,-0.0003930944367311895,0.24429957568645477,0.5103220343589783,-0.010925836861133575,0.1897236555814743,0.5130605697631836,-0.00988843198865652,0.15861013531684875,0.511247456073761,0.0013082275399938226,0.1375243365764618,0.5109785795211792,0.011588010005652905,0.25326380133628845,0.535345196723938,0.005821515806019306,0.2103760689496994,0.5442445874214172,0.007436660118401051,0.18881076574325562,0.545259952545166,0.01228600274771452,0.17306748032569885,0.5449855923652649,0.017850464209914207
11,12,12,R,12,0.3419145941734314,0.4953947067260742,-5.578810305451043e-05,0.32328397035598755,0.43682363629341125,0.002874531550332904,0.2868089973926544,0.4059043526649475,-0.00033345053088851273,0.2479233741760254,0.3910098373889923,0.001996738836169243,0.21660038828849792,0.37605664134025574,0.00397056620568037,0.2502100467681885,0.44519296288490295,-0.039887525141239166,0.19166556000709534,0.4400804936885834,-0.04063156619668007,0.16061750054359436,0.43763574957847595,-0.03366457298398018,0.13833650946617126,0.43809232115745544,-0.027013644576072693,0.24809078872203827,0.4829658567905426,-0.03130105882883072,0.18600983917713165,0.4823349714279175,-0.03517310321331024,0.15279772877693176,0.48097920417785645,-0.022616496309638023,0.13031697273254395,0.48126035928726196,-0.012167181819677353,0.25309738516807556,0.5160564184188843,-0.018466392531991005,0.19744521379470825,0.5197404026985168,-0.019796157255768776,0.1657000631093979,0.5183684229850769,-0.009919608011841774,0.1439306139945984,0.5184451341629028,-0.0011047428706660867,0.2630629539489746,0.5419939756393433,-0.00237051653675735,0.21936094760894775,0.5510658025741577,-0.0030867885798215866,0.19737845659255981,0.5524606108665466,9.864915045909584e-05,0.18119637668132782,0.5522363185882568,0.004278067499399185
12,12,12,R,12,0.35345491766929626,0.49674883484840393,-5.333248554961756e-05,0.3326960802078247,0.43987804651260376,0.00410697003826499,0.294721394777298,0.4105426073074341,-0.0003010035725310445,0.25532662868499756,0.3978481888771057,0.0010574453044682741,0.22427400946617126,0.38488999009132385,0.0010648329043760896,0.26320841908454895,0.45139721035957336,-0.057458821684122086,0.20273509621620178,0.45021170377731323,-0.06064457818865776,0.17125503718852997,0.44893333315849304,-0.051366183906793594,0.1493198573589325,0.44947290420532227,-0.04233585670590401,0.26276758313179016,0.49145272374153137,-0.05057601258158684,0.19807714223861694,0.49247273802757263,-0.05690982937812805,0.16383051872253418,0.4908376932144165,-0.04333147406578064,0.14080622792243958,0.4900733232498169,-0.03131583705544472,0.26907476782798767,0.5262188911437988,-0.03795048967003822,0.21111039817333221,0.5295432209968567,-0.04147886857390404,0.17799988389015198,0.5284000635147095,-0.03000585548579693,0.1559697538614273,0.5277830958366394,-0.019778486341238022,0.2795196771621704,0.5526915788650513,-0.02175288461148739,0.23399829864501953,0.561091423034668,-0.0247642882168293,0.2103653997182846,0.5635330080986023,-0.022290941327810287,0.19323047995567322,0.5633327960968018,-0.017905445769429207
13,12,12,R,12,0.36549296975135803,0.5068574547767639,-2.3279868401004933e-05,0.34538593888282776,0.446902334690094,-0.0012691018637269735,0.3077894449234009,0.41986778378486633,-0.008371843956410885,0.2682531774044037,0.41141781210899353,-0.007407200522720814,0.23551930487155914,0.4005381762981415,-0.007521054241806269,0.2781063914299011,0.4608910083770752,-0.07013461738824844,0.21660153567790985,0.46368810534477234,-0.07546958327293396,0.18428421020507812,0.4654849171638489,-0.06562936305999756,0.16192331910133362,0.4665648937225342,-0.055243898183107376,0.276777058839798,0.5042509436607361,-0.0592341385781765,0.2098873257637024,0.5098353028297424,-0.06583313643932343,0.1750209480524063,0.5099042057991028,-0.050089165568351746,0.1524433195590973,0.5079537630081177,-0.03598557785153389,0.28108760714530945,0.5405332446098328,-0.04259759560227394,0.2222435474395752,0.5438461303710938,-0.0444294810295105,0.18891069293022156,0.541260838508606,-0.03086738847196102,0.16765183210372925,0.5377570986747742,-0.019653810188174248,0.289162814617157,0.5666128396987915,-0.02274191565811634,0.24281799793243408,0.574310302734375,-0.023338379338383675,0.21902889013290405,0.5743198394775391,-0.017976978793740273,0.20276467502117157,0.570701003074646,-0.01198206190019846
14,12,12,R,12,0.3835739195346832,0.5221152901649475,8.208162398659624e-06,0.35929274559020996,0.45726993680000305,-0.01927470788359642,0.3180970251560211,0.42863279581069946,-0.03452945128083229,0.2783563435077667,0.4232548773288727,-0.037467412650585175,0.24486224353313446,0.41379255056381226,-0.03672735393047333,0.30027008056640625,0.4728067219257355,-0.10622606426477432,0.23904633522033691,0.479013592004776,-0.12350119650363922,0.20555391907691956,0.4829295873641968,-0.11928582191467285,0.1810535490512848,0.4841841757297516,-0.11244160681962967,0.3012585937976837,0.518700361251831,-0.09224642068147659,0.23382610082626343,0.5295847654342651,-0.11416058987379074,0.19851920008659363,0.528469443321228,-0.10938972979784012,0.17497208714485168,0.527579665184021,-0.1044214591383934,0.30526912212371826,0.5557135939598083,-0.07234703749418259,0.24619252979755402,0.5654314756393433,-0.0894380584359169,0.21270887553691864,0.5631406903266907,-0.08563803136348724,0.18948900699615479,0.5614496469497681,-0.08229824900627136,0.3115977644920349,0.5799933671951294,-0.05003610625863075,0.26590558886528015,0.5946358442306519,-0.060298625379800797,0.24163006246089935,0.5954981446266174,-0.06208150088787079,0.22429093718528748,0.5929608345031738,-0.06218178570270538
15,12,12,R,12,0.38470715284347534,0.5308552384376526,-3.486781497485936e-05,0.3787209987640381,0.4674818217754364,-0.04436848312616348,0.35301339626312256,0.4318936765193939,-0.07941021770238876,0.31827566027641296,0.4312375783920288,-0.09819241613149643,0.28868311643600464,0.434997022151947,-0.11346728354692459,0.3161877393722534,0.47498759627342224,-0.1271681934595108,0.2701353132724762,0.47878068685531616,-0.1538090705871582,0.24643266201019287,0.4847390949726105,-0.15518690645694733,0.23207762837409973,0.48698103427886963,-0.15411663055419922,0.3050346374511719,0.5235837697982788,-0.11309383064508438,0.2560987174510956,0.5318446755409241,-0.14590008556842804,0.22752884030342102,0.5318508744239807,-0.14922548830509186,0.21424052119255066,0.530522882938385,-0.1530912220478058,0.3035680949687958,0.5664833784103394,-0.0947907343506813,0.26091575622558594,0.5718922019004822,-0.12397491186857224,0.23581989109516144,0.5727115273475647,-0.12876607477664948,0.2226070761680603,0.5697119235992432,-0.13506881892681122,0.30863675475120544,0.6006578803062439,-0.07965017110109329,0.27544039487838745,0.607086181640625,-0.10124316811561584,0.26043155789375305,0.6080769896507263,-0.11142436414957047,0.2543903589248657,0.6027146577835083,-0.1207181066274643
16,12,12,L,12,0.5022624135017395,0.49112650752067566,-5.229145608609542e-05,0.4666639566421509,0.4346903860569,-0.02011157013475895,0.41606685519218445,0.4178839921951294,-0.04091569781303406,0.373063862323761,0.42348524928092957,-0.05343114212155342,0.3373059928417206,0.4186248481273651,-0.07117423415184021,0.4092176556587219,0.46736422181129456,-0.11577906459569931,0.35792291164398193,0.48341163992881775,-0.16118812561035156,0.32873597741127014,0.48912349343299866,-0.18243251740932465,0.3004058599472046,0.493364155292511,-0.19437448680400848,0.42081138491630554,0.5110673308372498,-0.12244973331689835,0.37265583872795105,0.5372099876403809,-0.17888836562633514,0.33992305397987366,0.5527222156524658,-0.21111957728862762,0.3100680708885193,0.5685584545135498,-0.23449701070785522,0.43952128291130066,0.545914351940155,-0.12402905523777008,0.39507007598876953,0.572733998298645,-0.17404162883758545,0.3612794280052185,0.5920785665512085,-0.21030448377132416,0.3323622941970825,0.6080739498138428,-0.23953969776630402,0.46147510409355164,0.5726993680000305,-0.12216275185346603,0.42877456545829773,0.601296603679657,-0.16553503274917603,0.4036267101764679,0.6228513121604919,-0.19423110783100128,0.38265377283096313,0.6381568908691406,-0.22151456773281097
17,12,12,R,12,0.589148223400116,0.5270849466323853,-1.6397305444115773e-05,0.5785003900527954,0.4719041883945465,-0.048587366938591,0.5906171798706055,0.4286445081233978,-0.09192930907011032,0.6114081144332886,0.40283751487731934,-0.1275406926870346,0.6343611478805542,0.39519691467285156,-0.15826481580734253,0.6661016345024109,0.45006445050239563,-0.10161680728197098,0.7130671739578247,0.425121545791626,-0.14321590960025787,0.7455474734306335,0.4157913625240326,-0.1685601770877838,0.7757299542427063,0.4119502902030945,-0.18121208250522614,0.6787132620811462,0.4890844523906708,-0.09217973798513412,0.7370914816856384,0.4754297435283661,-0.14198961853981018,0.776255190372467,0.4704423248767853,-0.17004165053367615,0.8127540946006775,0.4692647159099579,-0.18820802867412567,0.6813340783119202,0.526783287525177,-0.08217980712652206,0.7375733256340027,0.5211350321769714,-0.12146779894828796,0.7761061787605286,0.5211573839187622,-0.14314869046211243,0.8106930255889893,0.52073073387146,-0.1580488681793213,0.6768249869346619,0.5620273351669312,-0.0721268504858017,0.7234593033790588,0.566608190536499,-0.10023237019777298,0.7538331151008606,0.570072591304779,-0.11779867112636566,0.7813122868537903,0.5701479315757751,-0.12859928607940674
18,12,12,R,12,0.6078304648399353,0.5405378341674805,-1.9436245565884747e-05,0.6139030456542969,0.47456875443458557,-0.02628089301288128,0.6380977630615234,0.42601925134658813,-0.052887726575136185,0.6648901700973511,0.40126875042915344,-0.0781061202287674,0.6907665133476257,0.39119231700897217,-0.10191725194454193,0.6996645927429199,0.44643962383270264,-0.05288507044315338,0.7341216802597046,0.42357516288757324,-0.07989251613616943,0.7623888850212097,0.4120864272117615,-0.10045801103115082,0.7896438241004944,0.4051782190799713,-0.11582201719284058,0.7120251059532166,0.4823783040046692,-0.05312740430235863,0.7485995292663574,0.46456217765808105,-0.07567017525434494,0.777254581451416,0.45510339736938477,-0.08712033927440643,0.8025985956192017,0.4479093551635742,-0.09654121100902557,0.7162414193153381,0.5161483883857727,-0.052952855825424194,0.7550982236862183,0.5029445886611938,-0.06858406215906143,0.7845321893692017,0.498470276594162,-0.07447010278701782,0.8083175420761108,0.49296364188194275,-0.08082488179206848,0.7123005390167236,0.5487386584281921,-0.055658452212810516,0.7508467435836792,0.5472036004066467,-0.0613720566034317,0.7776200175285339,0.5485526323318481,-0.06575146317481995,0.8013918399810791,0.5469829440116882,-0.0713576003909111
19,12,12,R,12,0.6245537400245667,0.5351938605308533,-2.477702946634963e-05,0.6330176591873169,0.46662434935569763,-0.02264392003417015,0.6577606201171875,0.4157559275627136,-0.042872536927461624,0.6851376295089722,0.3898518681526184,-0.06237073987722397,0.7118695974349976,0.3803972899913788,-0.07976709306240082,0.7175114154815674,0.43461641669273376,-0.03812463581562042,0.7475768327713013,0.4141503572463989,-0.059256479144096375,0.7737999558448792,0.4023072421550751,-0.07283016294240952,0.798871636390686,0.39395588636398315,-0.08255728334188461,0.7320502996444702,0.46905553340911865,-0.03548150137066841,0.762192964553833,0.4530826508998871,-0.04649358242750168,0.7856540083885193,0.44509994983673096,-0.04658316820859909,0.8056240081787109,0.4368059039115906,-0.04750677943229675,0.7385316491127014,0.5021692514419556,-0.03502364456653595,0.7752844095230103,0.4895055890083313,-0.041743870824575424,0.8044031262397766,0.4856051504611969,-0.04093089699745178,0.8282046318054199,0.47888052463531494,-0.04327100142836571,0.7363328337669373,0.5347203612327576,-0.03680293634533882,0.7728692293167114,0.5318676829338074,-0.038212355226278305,0.7993011474609375,0.5324227213859558,-0.03894292935729027,0.8232640027999878,0.529524028301239,-0.03975970298051834
20,12,12,R,12,0.6374416351318359,0.5212461948394775,-3.306746293674223e-05,0.6437518000602722,0.4604001045227051,-0.019796263426542282,0.6688621044158936,0.4090411365032196,-0.03897126019001007,0.6962127089500427,0.38103270530700684,-0.059860534965991974,0.7219964265823364,0.37319669127464294,-0.08051635324954987,0.731974720954895,0.42620837688446045,-0.020599868148565292,0.7644175887107849,0.40383219718933105,-0.03859843313694,0.7911030054092407,0.38964590430259705,-0.05570337921380997,0.816308856010437,0.37965813279151917,-0.06892498582601547,0.7447496652603149,0.4594801664352417,-0.023246953263878822,0.7792072892189026,0.4444689154624939,-0.03299715742468834,0.8064190745353699,0.4330731928348541,-0.037774741649627686,0.8303365111351013,0.4222358465194702,-0.04247277230024338,0.7490786910057068,0.49235793948173523,-0.0297370795160532,0.7884910702705383,0.480812668800354,-0.0361931174993515,0.8175634741783142,0.47413432598114014,-0.04058857262134552,0.8419840335845947,0.46577611565589905,-0.04701780527830124,0.7456073760986328,0.5265463590621948,-0.03866712749004364,0.7824353575706482,0.5244134664535522,-0.04080378636717796,0.8088300228118896,0.5227459669113159,-0.04301667958498001,0.8330833911895752,0.5187227129936218,-0.04585143178701401
21,12,12,R,12,0.6474514603614807,0.509163498878479,-3.4840824810089543e-05,0.6467456817626953,0.45307624340057373,-0.027115771546959877,0.6704676151275635,0.4072934687137604,-0.050938718020915985,0.6971730589866638,0.3841972053050995,-0.07454849034547806,0.7207745909690857,0.37269026041030884,-0.09553840756416321,0.7363642454147339,0.42105451226234436,-0.04249625280499458,0.7774502635002136,0.39412111043930054,-0.06667019426822662,0.808076798915863,0.3787297010421753,-0.08804401755332947,0.8367547988891602,0.36932122707366943,-0.10303780436515808,0.7486515045166016,0.4548054039478302,-0.04588104039430618,0.7951415777206421,0.43647530674934387,-0.0694083645939827,0.8314163684844971,0.4251905679702759,-0.08764376491308212,0.8639919757843018,0.4173552095890045,-0.10154605656862259,0.750994086265564,0.4880218207836151,-0.05121777951717377,0.7988497018814087,0.47266316413879395,-0.06973790377378464,0.8340268135070801,0.4644815921783447,-0.08495110273361206,0.8648338317871094,0.45634445548057556,-0.0988614559173584,0.7453633546829224,0.5233275890350342,-0.05902043730020523,0.7853598594665527,0.5168456435203552,-0.07134226709604263,0.8120864629745483,0.51432204246521,-0.08065888285636902,0.8375773429870605,0.5105298161506653,-0.08793865144252777
22,12,12,R,12,0.645873486995697,0.5028524994850159,-5.911930566071533e-05,0.6457393765449524,0.44747552275657654,-0.02593599632382393,0.6676815748214722,0.3994613289833069,-0.045889727771282196,0.6951411962509155,0.37668508291244507,-0.06519316881895065,0.7195502519607544,0.3716123402118683,-0.07925557345151901,0.7319803237915039,0.42018136382102966,-0.03676600381731987,0.778283953666687,0.39303746819496155,-0.06204942241311073,0.8098694682121277,0.378609836101532,-0.08176572620868683,0.8369225263595581,0.369259774684906,-0.0943063348531723,0.7436080574989319,0.45228317379951477,-0.03905419260263443,0.7983928322792053,0.43430402874946594,-0.0649140253663063,0.8362115621566772,0.4241580367088318,-0.08720150589942932,0.8692964315414429,0.4182126522064209,-0.10325668007135391,0.7454497814178467,0.4848751127719879,-0.04209168255329132,0.7970667481422424,0.4709413945674896,-0.062361814081668854,0.8324308395385742,0.46395114064216614,-0.08084213733673096,0.8631395101547241,0.45815831422805786,-0.09590763598680496,0.7399417161941528,0.519310712814331,-0.047229789197444916,0.7814481258392334,0.5126301646232605,-0.06412827968597412,0.8074736595153809,0.5078226923942566,-0.07749493420124054,0.8317363262176514,0.5013267993927002,-0.08780170977115631
23,12,12,R,12,0.639343798160553,0.5074658989906311,-6.984228821238503e-05,0.6393570899963379,0.45386677980422974,-0.024755330756306648,0.6627840399742126,0.405714213848114,-0.04248274117708206,0.692028284072876,0.38168445229530334,-0.0598023384809494,0.7164850831031799,0.3740818500518799,-0.07139105349779129,0.7257652878761292,0.4231988489627838,-0.03518950566649437,0.7733320593833923,0.39657530188560486,-0.056884653866291046,0.8040372133255005,0.38459816575050354,-0.07073738425970078,0.8303833603858948,0.37792906165122986,-0.07891430705785751,0.7366393208503723,0.4538879990577698,-0.036504779011011124,0.7919585108757019,0.43360635638237,-0.05797684192657471,0.8277679085731506,0.42399877309799194,-0.07685819268226624,0.8583462834358215,0.4190950095653534,-0.0903230831027031,0.7383356690406799,0.4846915602684021,-0.03863445296883583,0.7894339561462402,0.47112759947776794,-0.057093389332294464,0.8236485123634338,0.4637134373188019,-0.07408302277326584,0.8528000712394714,0.45789510011672974,-0.08622727543115616,0.7330400943756104,0.5175647735595703,-0.04212905094027519,0.7749230861663818,0.5112816691398621,-0.05835629627108574,0.8006716966629028,0.5069935321807861,-0.07137714326381683,0.8240219950675964,0.5019103288650513,-0.08091416954994202
24,12,12,R,12,0.6312869191169739,0.5085347890853882,-6.329526513582096e-05,0.6324858665466309,0.4541059136390686,-0.0253243800252676,0.6548151969909668,0.4059845507144928,-0.04383308067917824,0.682781994342804,0.38173726201057434,-0.06167736276984215,0.7070863842964172,0.3754071593284607,-0.07375824451446533,0.7190991044044495,0.42339184880256653,-0.03475678712129593,0.7645522952079773,0.3967232406139374,-0.05603453889489174,0.7940343618392944,0.3844393193721771,-0.06956090778112411,0.8193374276161194,0.37642908096313477,-0.07713465392589569,0.7302870154380798,0.45379915833473206,-0.035891227424144745,0.7835227847099304,0.4346713423728943,-0.05616863816976547,0.8176661133766174,0.42528867721557617,-0.07507789134979248,0.8469533324241638,0.4199460446834564,-0.0877816379070282,0.7313970923423767,0.48438164591789246,-0.03810981661081314,0.7807967662811279,0.47229504585266113,-0.056431837379932404,0.8138982653617859,0.46480870246887207,-0.07473139464855194,0.8424443006515503,0.45843642950057983,-0.0873560681939125,0.7248963713645935,0.5168572664260864,-0.04185878485441208,0.7649450302124023,0.5124818086624146,-0.05831417441368103,0.7904373407363892,0.5089901685714722,-0.07268448919057846,0.8135126829147339,0.5039463639259338,-0.08307485282421112
25,12,12,R,12,0.6229379177093506,0.5137235522270203,-6.984033825574443e-05,0.6251549124717712,0.45966655015945435,-0.024754561483860016,0.6481170058250427,0.4109490215778351,-0.04278942942619324,0.6765168309211731,0.3867882490158081,-0.060839634388685226,0.7003850340843201,0.37980788946151733,-0.07315680384635925,0.7102704644203186,0.42810389399528503,-0.031932879239320755,0.7542465925216675,0.4011632204055786,-0.0517357774078846,0.7823576927185059,0.3885565400123596,-0.06411859393119812,0.806162416934967,0.38050103187561035,-0.07097679376602173,0.721297562122345,0.45802736282348633,-0.03330260142683983,0.7736076712608337,0.4377232491970062,-0.05149197578430176,0.8060717582702637,0.4279944598674774,-0.06944507360458374,0.8337782025337219,0.42219018936157227,-0.0809364765882492,0.7226695418357849,0.4877163767814636,-0.03588194027543068,0.7708491086959839,0.4752214252948761,-0.05238765478134155,0.8022333979606628,0.46699729561805725,-0.06932186335325241,0.8292471170425415,0.459869921207428,-0.0806480348110199,0.7166814208030701,0.5195925235748291,-0.039903972297906876,0.7558057308197021,0.515486478805542,-0.05458374321460724,0.7805088758468628,0.51218581199646,-0.06802695989608765,0.8028829097747803,0.5076014399528503,-0.07773774117231369
26,12,12,R,12,0.613088846206665,0.5195242762565613,-8.65131223690696e-05,0.6154117584228516,0.46650809049606323,-0.0256727933883667,0.6379071474075317,0.41748327016830444,-0.04340331628918648,0.6662882566452026,0.39449799060821533,-0.06096678599715233,0.689111053943634,0.39276111125946045,-0.07307133078575134,0.6989945769309998,0.4340154528617859,-0.029991520568728447,0.7427067756652832,0.4082348942756653,-0.04721127450466156,0.7697620391845703,0.3977261185646057,-0.05901312828063965,0.7922449707984924,0.390958309173584,-0.06580644845962524,0.7097930312156677,0.4646950960159302,-0.029490873217582703,0.7612634897232056,0.4452688694000244,-0.0440082922577858,0.7918129563331604,0.4376890957355499,-0.060754865407943726,0.8176414966583252,0.43401026725769043,-0.07122819125652313,0.7113757729530334,0.49417632818222046,-0.030402643606066704,0.7580365538597107,0.4827660322189331,-0.04332953318953514,0.7866718173027039,0.4762080907821655,-0.056561604142189026,0.810918390750885,0.47025954723358154,-0.06557106226682663,0.7059448957443237,0.5251418948173523,-0.03300531953573227,0.743544340133667,0.521396279335022,-0.04438405856490135,0.7664721608161926,0.5191656351089478,-0.05454954504966736,0.7864514589309692,0.5156088471412659,-0.061819978058338165
27,12,12,R,12,0.6039479970932007,0.5310944318771362,-7.517106860177591e-05,0.605633556842804,0.47897830605506897,-0.027763623744249344,0.6282752752304077,0.4314846396446228,-0.044665563851594925,0.6559345722198486,0.40826213359832764,-0.06083192676305771,0.6780667901039124,0.4041525423526764,-0.07201332598924637,0.6866493821144104,0.4463948607444763,-0.025561552494764328,0.7280064821243286,0.42157140374183655,-0.03963455557823181,0.7527092099189758,0.41082844138145447,-0.05001775175333023,0.7736092805862427,0.4050963819026947,-0.05771409347653389,0.6967549324035645,0.47648167610168457,-0.023801101371645927,0.7470368146896362,0.4588864743709564,-0.03612126410007477,0.7747966647148132,0.452539324760437,-0.05100717023015022,0.7990235090255737,0.4513748586177826,-0.06071590259671211,0.6980407238006592,0.5047928690910339,-0.024307716637849808,0.7436498403549194,0.4954577684402466,-0.03593066707253456,0.7695947289466858,0.4896441102027893,-0.04725545644760132,0.7928049564361572,0.4854661226272583,-0.056471649557352066,0.6927396655082703,0.5344487428665161,-0.026819873601198196,0.728762686252594,0.5345160961151123,-0.03758721426129341,0.7493133544921875,0.5342124700546265,-0.047410957515239716,0.7681211829185486,0.5326663255691528,-0.05490041524171829
28,12,12,R,12,0.5963844656944275,0.5414759516716003,-6.56488336971961e-05,0.5970913767814636,0.48887771368026733,-0.031396474689245224,0.6183645129203796,0.4441744387149811,-0.05204980820417404,0.6439812779426575,0.4227236211299896,-0.06878196448087692,0.6621218323707581,0.42099636793136597,-0.07973083853721619,0.6724541783332825,0.46074050664901733,-0.03937802463769913,0.7105504870414734,0.44226595759391785,-0.06008123978972435,0.7325916290283203,0.43501541018486023,-0.07516229897737503,0.7510623335838318,0.4309006929397583,-0.08684073388576508,0.6821644306182861,0.4931405782699585,-0.03560327738523483,0.7311035394668579,0.48302093148231506,-0.055401287972927094,0.7565516829490662,0.4807159900665283,-0.07182616740465164,0.7779669761657715,0.48126500844955444,-0.08309461176395416,0.6837578415870667,0.5223817229270935,-0.033750925213098526,0.7294743061065674,0.519034743309021,-0.05179596692323685,0.7531661987304688,0.5155396461486816,-0.06360993534326553,0.7738422751426697,0.5128999948501587,-0.07342223078012466,0.6788527369499207,0.5509743690490723,-0.03387022390961647,0.7140406370162964,0.553954005241394,-0.048077140003442764,0.7334616780281067,0.5540679693222046,-0.05909444019198418,0.7504574060440063,0.5535730719566345,-0.06619144231081009
29,12,12,R,12,0.5918658971786499,0.5557499527931213,-6.989039684413001e-05,0.5863518714904785,0.5098810791969299,-0.040904778987169266,0.6050798892974854,0.46631526947021484,-0.07172758132219315,0.6269917488098145,0.4468497037887573,-0.09710904955863953,0.6414282917976379,0.45235195755958557,-0.11700376868247986,0.6624044179916382,0.48366624116897583,-0.0559275858104229,0.6997013688087463,0.47084900736808777,-0.08203592151403427,0.7180477976799011,0.46858254075050354,-0.10160399973392487,0.7303703427314758,0.46609655022621155,-0.11606024950742722,0.6714838147163391,0.5163657665252686,-0.05177225172519684,0.7155166268348694,0.5124019980430603,-0.0833968073129654,0.7328794598579407,0.5138587355613708,-0.10707806795835495,0.7413329482078552,0.5154045820236206,-0.1228138878941536,0.6728188395500183,0.5454856157302856,-0.049146801233291626,0.7151757478713989,0.5443446040153503,-0.07376869767904282,0.7333363890647888,0.5441786050796509,-0.0931348130106926,0.7440521717071533,0.5422431826591492,-0.10800205916166306,0.6678551435470581,0.5723898410797119,-0.04878588765859604,0.7009040117263794,0.5726078748703003,-0.06457493454217911,0.7192848324775696,0.571601152420044,-0.07820797711610794,0.7323266267776489,0.5684912204742432,-0.08853009343147278
30,12,12,R,12,0.5869652032852173,0.5759024620056152,-4.842975249630399e-05,0.5807857513427734,0.5353052020072937,-0.045980460941791534,0.5967873930931091,0.4949795603752136,-0.07781441509723663,0.6144511699676514,0.47814497351646423,-0.10203824937343597,0.6232842206954956,0.4813249707221985,-0.1216619536280632,0.6575133204460144,0.5085911154747009,-0.05468565598130226,0.6916519999504089,0.5013078451156616,-0.08492621779441833,0.6862571239471436,0.5088962316513062,-0.11372843384742737,0.6739810705184937,0.5178624391555786,-0.13318249583244324,0.6646543741226196,0.5376461148262024,-0.04872898757457733,0.70646733045578,0.5348608493804932,-0.07882145792245865,0.7110400795936584,0.5405887961387634,-0.10687008500099182,0.7054846286773682,0.5460866093635559,-0.1273534595966339,0.6641993522644043,0.5651580691337585,-0.0452398806810379,0.7034119367599487,0.5661443471908569,-0.07270384579896927,0.7139585018157959,0.5733493566513062,-0.09933938831090927,0.7151920795440674,0.5805721879005432,-0.11870718747377396,0.6573241949081421,0.5915147662162781,-0.04439908638596535,0.6870368123054504,0.5949382781982422,-0.06319112330675125,0.6995676755905151,0.5997041463851929,-0.07979211956262589,0.7070348858833313,0.6033121943473816,-0.09347707778215408
31,12,12,R,12,0.5907615423202515,0.596819281578064,4.051338464705623e-07,0.6158125400543213,0.5984489917755127,-0.02832213044166565,0.6409685015678406,0.5839483141899109,-0.061833642423152924,0.6507448554039001,0.5656241178512573,-0.09092075377702713,0.6540762186050415,0.5566514730453491,-0.12046441435813904,0.6633158326148987,0.5670763850212097,-0.06721755117177963,0.6866949796676636,0.555086076259613,-0.09960179775953293,0.6877961158752441,0.5698522329330444,-0.13085243105888367,0.6845661997795105,0.5882899165153503,-0.1569051593542099,0.6502882242202759,0.5552687644958496,-0.07215095311403275,0.6762911081314087,0.5425471067428589,-0.10898587107658386,0.6765453815460205,0.5583423972129822,-0.1353626251220703,0.668218195438385,0.5759284496307373,-0.15574227273464203,0.6310926079750061,0.5453941226005554,-0.07743990421295166,0.6542463898658752,0.5297919511795044,-0.10628911852836609,0.6571729183197021,0.5457429885864258,-0.1278170347213745,0.6514071226119995,0.561955451965332,-0.1432448774576187,0.6086395382881165,0.537293016910553,-0.08300627768039703,0.6194812655448914,0.520063042640686,-0.10928473621606827,0.6210595965385437,0.5330393314361572,-0.12556611001491547,0.617915689945221,0.5464553236961365,-0.1377851665019989
32,12,12,R,12,0.5618852376937866,0.6540394425392151,-1.6107873307191767e-05,0.5405644178390503,0.6467978358268738,-0.05709614232182503,0.5282007455825806,0.6564369201660156,-0.09565501660108566,0.5235103368759155,0.6751905083656311,-0.11873780936002731,0.5263246297836304,0.6985009908676147,-0.13373425602912903,0.569873034954071,0.6609129309654236,-0.1176745817065239,0.5615876317024231,0.7015073895454407,-0.1548677235841751,0.5524541139602661,0.7263804078102112,-0.17584995925426483,0.5475465655326843,0.7464762926101685,-0.1881147176027298,0.5839786529541016,0.6825710535049438,-0.09615085273981094,0.5788592100143433,0.7293586134910583,-0.13639073073863983,0.5705579519271851,0.7645218372344971,-0.1599932312965393,0.5639649033546448,0.795137345790863,-0.17707765102386475,0.5890169739723206,0.7032631039619446,-0.07368528097867966,0.5781669616699219,0.7486947178840637,-0.10386469215154648,0.5671057105064392,0.7750012278556824,-0.11894696950912476,0.5602408051490784,0.7942358255386353,-0.1285053789615631,0.5876913070678711,0.720705509185791,-0.052351538091897964,0.5762238502502441,0.7567697167396545,-0.06980565190315247,0.5673861503601074,0.7768022418022156,-0.07825563848018646,0.5618204474449158,0.7889406681060791,-0.08387269079685211
33,12,12,R,12,0.5384821891784668,0.6628637313842773,-3.631752770161256e-05,0.5225354433059692,0.6526619791984558,-0.05787615478038788,0.5191985964775085,0.6648386716842651,-0.0930638313293457,0.5207599997520447,0.6873154640197754,-0.11523125320672989,0.5205602049827576,0.713380753993988,-0.13541989028453827,0.5642073750495911,0.6717957854270935,-0.10736134648323059,0.5597707033157349,0.7164562344551086,-0.1395680159330368,0.552069365978241,0.7508838176727295,-0.15597368776798248,0.5440787076950073,0.7785481810569763,-0.16546930372714996,0.5747662782669067,0.688956618309021,-0.0852314755320549,0.574362576007843,0.7421694993972778,-0.11845473200082779,0.5664629340171814,0.7814954519271851,-0.13645225763320923,0.5568074584007263,0.8121257424354553,-0.1493980437517166,0.5772952437400818,0.7049688100814819,-0.06341969221830368,0.5788673162460327,0.7524554133415222,-0.09125455468893051,0.5713059902191162,0.7867504358291626,-0.10631275177001953,0.5620807409286499,0.8134750127792358,-0.1173744946718216,0.574497640132904,0.7194806337356567,-0.04438415914773941,0.5737658143043518,0.7557185888290405,-0.061208344995975494,0.5686878561973572,0.7805103063583374,-0.07219947874546051,0.5611216425895691,0.8006134629249573,-0.08252889662981033
